day,year,mo,da,collision_date,temp,dewp,slp,visib,wdsp,mxpsd,gust,max,min,prcp,sndp,fog,num_collisions
7,2012,07,01,2012-07-01,83.6,63.0,1008.9,9.7,4.1,9.9,18.1,93.0,66.0,0.0,999.9,0,538
1,2012,07,02,2012-07-02,80.3,54.1,1011.6,10.0,3.8,15.0,,88.0,66.9,0.0,999.9,0,564
2,2012,07,03,2012-07-03,79.8,56.7,1012.8,10.0,2.9,12.0,,88.0,63.0,0.0,999.9,0,664
3,2012,07,04,2012-07-04,81.8,65.6,1009.1,9.2,3.6,11.1,,91.0,68.0,0.06,999.9,0,432
4,2012,07,05,2012-07-05,86.7,64.3,1007.4,9.4,3.8,15.0,,93.9,70.0,0.0,999.9,0,591
5,2012,07,06,2012-07-06,81.9,62.3,1011.7,10.0,3.1,9.9,,91.0,66.9,0.0,999.9,0,638
6,2012,07,07,2012-07-07,84.9,65.9,1010.1,9.5,3.1,14.0,17.1,95.0,70.0,0.0,999.9,0,490
7,2012,07,08,2012-07-08,80.6,65.5,1010.1,8.5,3.1,8.0,15.9,90.0,70.0,0.59,999.9,0,464
1,2012,07,09,2012-07-09,78.5,56.8,1012.7,10.0,3.5,9.9,,84.0,68.0,0.09,999.9,0,533
2,2012,07,10,2012-07-10,76.5,56.3,1016.0,10.0,3.4,9.9,,86.0,61.0,0.0,999.9,0,524
3,2012,07,11,2012-07-11,77.1,62.0,1019.9,10.0,1.9,7.0,,84.0,64.9,0.0,999.9,0,565
4,2012,07,12,2012-07-12,77.4,60.2,1021.7,10.0,2.3,7.0,,88.0,57.0,0.0,999.9,0,577
5,2012,07,13,2012-07-13,78.9,60.7,1021.8,9.9,3.0,7.0,,87.1,63.0,0.0,999.9,0,603
6,2012,07,14,2012-07-14,78.5,62.7,1021.6,10.0,3.5,13.0,19.0,82.0,68.0,0.0,999.9,1,536
7,2012,07,15,2012-07-15,79.7,68.6,1018.3,9.1,2.8,13.0,,87.1,70.0,0.0,999.9,0,494
1,2012,07,16,2012-07-16,79.0,67.9,1011.5,9.2,4.0,14.0,22.0,91.0,70.0,0.26,999.9,0,528
2,2012,07,17,2012-07-17,84.6,63.3,1009.3,9.4,3.5,9.9,18.1,93.9,70.0,0.0,999.9,0,648
3,2012,07,18,2012-07-18,85.3,69.1,1008.9,7.2,3.7,13.0,20.0,100.0,73.0,0.0,999.9,1,559
4,2012,07,19,2012-07-19,73.3,67.2,1013.2,7.5,3.4,15.0,18.1,75.9,68.0,1.76,999.9,0,522
5,2012,07,20,2012-07-20,67.2,62.8,1014.9,7.4,6.5,13.0,21.0,73.9,61.0,0.17,999.9,0,604
6,2012,07,21,2012-07-21,68.1,58.5,1018.3,9.8,4.1,12.0,,77.0,57.9,0.43,999.9,0,528
7,2012,07,22,2012-07-22,72.5,59.4,1020.3,10.0,2.0,8.0,,82.0,54.0,0.0,999.9,0,498
1,2012,07,23,2012-07-23,76.0,67.2,1016.9,8.9,3.0,13.0,,86.0,64.0,0.0,999.9,0,505
2,2012,07,24,2012-07-24,80.3,67.3,1005.4,8.1,6.0,15.0,18.1,90.0,70.0,0.15,999.9,0,574
3,2012,07,25,2012-07-25,76.5,53.5,1009.7,10.0,4.2,19.0,,84.9,66.9,0.0,999.9,0,612
4,2012,07,26,2012-07-26,78.0,62.4,1007.0,8.9,4.3,13.0,29.9,87.1,66.9,0.0,999.9,1,604
5,2012,07,27,2012-07-27,76.6,69.3,1007.0,9.1,4.4,14.0,,87.1,70.0,0.6,999.9,0,638
6,2012,07,28,2012-07-28,75.5,69.6,1012.2,7.0,3.9,8.0,15.9,84.0,68.0,0.0,999.9,1,513
7,2012,07,29,2012-07-29,71.7,66.1,1015.1,9.4,3.2,12.0,15.9,79.0,66.9,0.18,999.9,0,376
1,2012,07,30,2012-07-30,73.1,65.1,1018.6,10.0,2.2,8.9,,79.0,64.9,0.01,999.9,0,530
2,2012,07,31,2012-07-31,73.4,64.3,1016.7,10.0,3.8,14.0,,80.1,60.1,0.0,999.9,0,540
3,2012,08,01,2012-08-01,72.2,68.4,1012.4,7.8,2.5,9.9,,78.1,66.9,0.55,999.9,1,616
4,2012,08,02,2012-08-02,75.0,68.4,1011.3,6.2,2.7,11.1,,87.1,66.2,0.11,999.9,1,570
5,2012,08,03,2012-08-03,77.9,70.8,1015.3,6.0,4.4,13.0,18.1,89.1,69.1,0.0,999.9,1,589
6,2012,08,04,2012-08-04,77.9,71.7,1021.1,5.7,4.1,11.1,18.1,90.0,71.1,0.0,999.9,1,568
7,2012,08,05,2012-08-05,78.1,72.4,1019.7,5.8,6.1,15.0,22.9,91.0,69.1,0.0,999.9,1,518
1,2012,08,06,2012-08-06,77.3,66.9,1015.7,8.9,5.5,15.0,22.0,86.0,71.1,0.49,999.9,0,593
2,2012,08,07,2012-08-07,75.2,58.1,1015.7,10.0,1.2,9.9,,82.9,63.0,0.01,999.9,0,547
3,2012,08,08,2012-08-08,77.8,67.1,1014.7,8.8,1.1,8.0,,86.0,64.0,0.0,999.9,0,528
4,2012,08,09,2012-08-09,78.2,69.6,1013.6,9.3,2.3,7.0,15.0,88.0,61.0,0.0,999.9,0,581
5,2012,08,10,2012-08-10,75.3,71.3,1011.6,7.6,5.4,20.0,23.9,79.0,66.2,0.0,999.9,1,617
6,2012,08,11,2012-08-11,77.7,71.5,1010.2,7.8,6.9,16.9,28.0,87.1,71.1,1.1,999.9,0,507
7,2012,08,12,2012-08-12,77.8,65.4,1012.5,8.7,5.7,22.0,29.9,84.9,69.8,0.62,999.9,0,505
1,2012,08,13,2012-08-13,76.3,61.2,1014.6,9.2,4.3,13.0,,86.0,69.1,0.05,999.9,0,504
2,2012,08,14,2012-08-14,76.0,62.6,1014.0,9.6,2.3,9.9,,81.0,69.1,0.0,999.9,0,520
3,2012,08,15,2012-08-15,73.6,68.9,1011.5,6.5,3.5,9.9,,81.0,66.2,0.01,999.9,1,602
4,2012,08,16,2012-08-16,74.0,64.3,1011.9,6.7,3.1,13.0,15.0,84.9,66.0,0.15,999.9,1,613
5,2012,08,17,2012-08-17,77.9,60.7,1010.6,9.5,3.3,15.0,17.1,88.0,69.1,0.0,999.9,0,574
6,2012,08,18,2012-08-18,69.8,63.7,1011.3,8.4,4.1,9.9,,78.1,62.6,0.01,999.9,0,540
7,2012,08,19,2012-08-19,68.7,55.0,1014.2,10.0,1.3,12.0,,75.0,62.1,0.23,999.9,0,467
1,2012,08,20,2012-08-20,71.4,56.7,1012.5,10.0,0.8,9.9,,78.1,64.0,0.0,999.9,0,473
2,2012,08,21,2012-08-21,72.8,57.2,1015.5,10.0,2.5,12.0,,81.0,60.8,0.0,999.9,0,482
3,2012,08,22,2012-08-22,73.8,60.3,1019.6,9.8,1.7,8.0,,80.1,61.0,0.0,999.9,0,504
4,2012,08,23,2012-08-23,74.7,61.7,1020.4,8.9,2.0,8.9,,84.0,62.6,0.0,999.9,0,574
5,2012,08,24,2012-08-24,77.3,60.9,1020.7,9.3,2.0,7.0,,87.1,66.0,0.0,999.9,0,601
6,2012,08,25,2012-08-25,75.7,65.2,1023.6,7.3,3.2,13.0,18.1,84.0,62.6,0.01,999.9,1,474
7,2012,08,26,2012-08-26,73.9,62.4,1025.2,10.0,4.6,8.9,15.0,82.9,60.8,0.0,999.9,0,471
1,2012,08,27,2012-08-27,71.9,66.3,1019.7,8.6,2.7,8.9,18.1,81.0,55.4,0.01,999.9,1,548
2,2012,08,28,2012-08-28,77.9,67.4,1011.5,9.0,6.0,15.9,22.9,86.0,69.8,0.75,999.9,0,587
3,2012,08,29,2012-08-29,73.3,53.2,1014.0,10.0,4.7,15.0,21.0,79.0,64.4,0.01,999.9,0,550
4,2012,08,30,2012-08-30,72.0,49.4,1017.6,10.0,2.5,15.9,20.0,82.0,57.2,0.0,999.9,0,618
5,2012,08,31,2012-08-31,78.7,56.1,1016.3,9.9,3.9,20.0,27.0,90.0,68.0,0.0,999.9,0,701
6,2012,09,01,2012-09-01,81.6,61.3,1014.6,9.9,4.7,16.9,22.9,90.0,62.6,0.0,999.9,0,515
7,2012,09,02,2012-09-02,75.4,65.9,1017.7,9.8,3.2,11.1,,80.1,62.1,0.0,999.9,0,421
1,2012,09,03,2012-09-03,73.8,65.1,1019.8,10.0,4.5,14.0,,79.0,55.4,0.0,999.9,0,373
2,2012,09,04,2012-09-04,72.6,68.4,1016.8,8.8,4.7,15.9,,79.0,60.8,0.02,999.9,0,606
3,2012,09,05,2012-09-05,75.2,71.5,1009.7,6.7,5.4,16.9,22.9,80.1,71.1,0.13,999.9,0,601
4,2012,09,06,2012-09-06,73.2,65.3,1011.3,9.7,2.3,12.0,,79.0,62.6,0.59,999.9,0,572
5,2012,09,07,2012-09-07,77.0,67.8,1012.2,8.7,2.7,8.0,,86.0,64.4,0.0,999.9,0,680
6,2012,09,08,2012-09-08,75.3,69.6,1007.5,8.8,5.8,15.9,28.9,81.0,69.1,0.0,999.9,1,598
7,2012,09,09,2012-09-09,68.4,57.3,1009.6,9.5,3.0,16.9,21.0,75.9,60.8,0.04,999.9,0,464
1,2012,09,10,2012-09-10,65.4,49.1,1014.3,10.0,5.7,20.0,26.0,71.1,55.4,0.16,999.9,0,637
2,2012,09,11,2012-09-11,62.8,41.8,1022.9,10.0,3.1,18.1,26.0,72.0,54.0,0.0,999.9,0,521
3,2012,09,12,2012-09-12,68.5,49.7,1026.5,10.0,2.1,9.9,,80.1,55.0,0.0,999.9,0,651
4,2012,09,13,2012-09-13,70.4,54.8,1027.4,10.0,3.2,9.9,,80.1,62.1,0.0,999.9,0,632
5,2012,09,14,2012-09-14,70.5,57.7,1023.4,9.7,2.3,9.9,,80.1,55.4,0.0,999.9,0,609
6,2012,09,15,2012-09-15,67.2,54.1,1019.1,10.0,5.1,14.0,20.0,72.0,60.1,0.01,999.9,0,557
7,2012,09,16,2012-09-16,65.1,46.5,1018.9,10.0,1.9,13.0,20.0,73.0,53.6,0.0,999.9,0,458
1,2012,09,17,2012-09-17,66.5,48.0,1018.3,10.0,2.2,7.0,,77.0,48.2,0.0,999.9,0,452
2,2012,09,18,2012-09-18,70.6,64.8,1011.8,7.6,5.5,19.0,27.0,75.2,57.2,0.11,999.9,1,556
3,2012,09,19,2012-09-19,66.7,56.1,1015.2,7.6,6.3,21.0,27.0,73.0,57.0,0.68,999.9,0,612
4,2012,09,20,2012-09-20,61.0,48.3,1021.5,10.0,4.6,15.9,22.9,68.0,55.0,0.04,999.9,0,522
5,2012,09,21,2012-09-21,64.7,53.7,1018.9,10.0,4.7,16.9,22.0,73.0,51.8,0.0,999.9,0,654
6,2012,09,22,2012-09-22,66.3,60.6,1012.6,8.1,5.6,15.0,20.0,75.9,60.1,0.01,999.9,0,547
7,2012,09,23,2012-09-23,63.8,50.3,1015.4,9.0,6.4,12.0,15.9,72.0,55.4,0.22,999.9,0,480
1,2012,09,24,2012-09-24,59.0,40.4,1020.0,10.0,3.3,12.0,20.0,66.2,53.1,0.0,999.9,0,562
2,2012,09,25,2012-09-25,62.0,43.4,1021.0,10.0,4.9,15.0,15.9,72.0,46.0,0.0,999.9,0,594
3,2012,09,26,2012-09-26,67.7,56.8,1018.7,10.0,4.3,14.0,,75.9,62.6,0.0,999.9,0,404
4,2012,09,27,2012-09-27,69.0,60.4,1019.4,8.7,1.8,16.9,20.0,73.9,55.4,0.01,999.9,0,620
5,2012,09,28,2012-09-28,65.2,61.8,1019.8,5.9,5.1,15.9,22.9,69.1,51.8,0.25,999.9,1,703
6,2012,09,29,2012-09-29,62.4,58.8,1013.0,7.6,3.9,14.0,21.0,68.0,57.0,0.37,999.9,1,485
7,2012,09,30,2012-09-30,60.5,52.5,1010.0,9.5,3.9,14.0,20.0,68.0,55.9,0.75,999.9,0,449
1,2012,10,01,2012-10-01,60.6,46.8,1011.2,10.0,4.7,23.9,33.0,70.0,53.1,0.46,999.9,0,555
2,2012,10,02,2012-10-02,63.7,54.2,1015.5,7.3,2.4,9.9,,70.0,60.1,0.0,999.9,0,593
3,2012,10,03,2012-10-03,65.6,64.3,1016.6,1.5,3.5,9.9,,73.0,62.6,0.45,999.9,1,502
4,2012,10,04,2012-10-04,68.6,66.2,1019.0,2.9,2.2,13.0,,73.4,62.6,0.01,999.9,1,554
5,2012,10,05,2012-10-05,67.8,59.7,1016.7,8.4,3.3,9.9,,78.1,60.8,0.0,999.9,0,693
6,2012,10,06,2012-10-06,66.1,57.9,1010.5,7.0,5.2,15.0,21.0,75.0,57.0,0.01,999.9,1,500
7,2012,10,07,2012-10-07,52.5,42.3,1017.4,9.3,2.0,16.9,23.9,66.2,48.0,0.04,999.9,0,481
1,2012,10,08,2012-10-08,49.9,42.9,1022.9,9.0,3.5,15.9,23.9,55.9,44.1,0.2,999.9,0,376
2,2012,10,09,2012-10-09,53.8,48.5,1022.3,8.5,5.6,18.1,26.0,57.2,50.0,0.46,999.9,0,570
3,2012,10,10,2012-10-10,58.2,53.8,1013.5,7.5,5.2,15.9,22.9,64.9,53.1,0.03,999.9,0,640
4,2012,10,11,2012-10-11,53.4,35.3,1018.9,10.0,5.5,20.0,28.9,62.6,46.9,0.02,999.9,0,657
5,2012,10,12,2012-10-12,51.2,35.9,1021.1,10.0,5.3,19.0,25.1,62.6,48.0,0.0,999.9,0,594
6,2012,10,13,2012-10-13,45.2,25.9,1030.8,10.0,3.1,20.0,27.0,52.0,37.9,0.0,999.9,0,547
7,2012,10,14,2012-10-14,58.7,45.9,1021.9,10.0,5.0,20.0,26.0,69.1,44.6,0.0,999.9,0,517
1,2012,10,15,2012-10-15,65.3,57.8,1009.5,9.4,4.5,20.0,26.0,71.1,61.0,0.0,999.9,0,607
2,2012,10,16,2012-10-16,55.8,42.5,1007.4,9.9,5.8,15.9,25.1,64.0,50.0,0.12,999.9,0,602
3,2012,10,17,2012-10-17,51.9,38.0,1014.3,10.0,1.3,11.1,,60.1,44.1,0.0,999.9,0,615
4,2012,10,18,2012-10-18,56.8,46.7,1016.1,9.7,3.1,9.9,15.9,64.9,42.8,0.0,999.9,0,630
5,2012,10,19,2012-10-19,63.2,61.1,1010.9,6.1,5.2,18.1,23.9,66.0,55.0,0.25,999.9,1,738
6,2012,10,20,2012-10-20,62.7,58.6,1006.5,5.0,6.3,18.1,22.0,69.1,57.9,0.13,999.9,1,587
7,2012,10,21,2012-10-21,56.5,39.0,1012.9,10.0,5.0,18.1,23.9,64.0,48.9,0.0,999.9,0,426
1,2012,10,22,2012-10-22,57.8,40.1,1017.4,10.0,4.3,20.0,26.0,66.0,48.9,0.0,999.9,0,609
2,2012,10,23,2012-10-23,59.0,44.9,1018.7,9.7,2.2,14.0,,64.0,53.1,0.0,999.9,0,522
3,2012,10,24,2012-10-24,57.1,53.5,1019.9,6.4,4.1,9.9,,59.0,51.8,0.07,999.9,0,494
4,2012,10,25,2012-10-25,58.0,51.3,1023.9,10.0,3.0,8.9,,61.0,43.0,0.0,999.9,0,511
5,2012,10,26,2012-10-26,60.8,53.4,1022.6,10.0,1.5,7.0,,64.9,39.2,0.0,999.9,0,598
6,2012,10,27,2012-10-27,61.9,53.9,1017.0,9.6,4.3,12.0,16.9,64.9,42.8,0.0,999.9,0,524
7,2012,10,28,2012-10-28,57.7,50.0,1010.8,9.6,11.9,22.0,32.1,61.0,53.6,0.0,999.9,0,403
1,2012,10,29,2012-10-29,56.9,53.1,994.0,6.1,18.7,35.9,52.1,64.4,54.0,0.03,999.9,0,298
2,2012,10,30,2012-10-30,53.9,48.9,989.0,8.1,8.9,22.0,46.0,64.4,50.0,1.97,999.9,0,372
3,2012,10,31,2012-10-31,49.7,43.2,999.6,8.6,5.5,14.0,17.1,60.8,45.0,0.06,999.9,0,549
4,2012,11,01,2012-11-01,47.7,37.4,1001.8,10.0,6.0,19.0,23.9,57.2,43.0,0.04,999.9,0,439
5,2012,11,02,2012-11-02,48.2,36.0,1003.4,10.0,5.2,13.0,25.1,53.6,46.0,0.0,999.9,0,345
6,2012,11,03,2012-11-03,44.7,30.1,1009.4,10.0,7.6,15.0,25.1,51.8,42.1,0.01,999.9,0,307
7,2012,11,04,2012-11-04,43.2,29.6,1014.1,10.0,6.1,15.0,22.0,51.8,39.0,0.0,999.9,0,344
1,2012,11,05,2012-11-05,42.3,27.3,1016.3,10.0,5.5,19.0,23.9,48.2,37.9,0.0,999.9,0,479
2,2012,11,06,2012-11-06,36.6,17.4,1022.0,10.0,4.8,14.0,18.1,45.0,32.0,0.07,999.9,0,514
3,2012,11,07,2012-11-07,37.1,27.1,1014.6,7.3,10.1,42.0,55.9,48.2,30.9,0.0,999.9,1,718
4,2012,11,08,2012-11-08,41.2,35.1,1006.4,5.1,15.2,41.0,59.1,55.9,30.2,2.45,999.9,0,550
5,2012,11,09,2012-11-09,43.3,25.8,1016.1,9.8,9.6,30.9,43.9,53.1,36.0,0.17,3.9,0,688
6,2012,11,10,2012-11-10,48.0,35.0,1025.0,7.9,2.0,14.0,20.0,54.0,41.0,0.0,999.9,0,444
7,2012,11,11,2012-11-11,54.7,45.1,1030.8,7.0,1.6,9.9,,63.0,37.4,0.0,999.9,0,526
1,2012,11,12,2012-11-12,56.7,50.2,1029.8,7.4,2.9,9.9,17.1,64.9,48.0,0.0,999.9,1,547
2,2012,11,13,2012-11-13,52.4,47.5,1024.6,8.8,6.1,25.1,29.9,62.6,44.1,0.06,999.9,0,648
3,2012,11,14,2012-11-14,42.8,29.9,1031.9,9.6,7.7,22.0,28.9,46.9,37.0,0.33,999.9,0,625
4,2012,11,15,2012-11-15,40.4,25.0,1029.7,10.0,5.3,21.0,27.0,48.2,36.0,0.0,999.9,0,623
5,2012,11,16,2012-11-16,41.9,29.5,1026.4,9.7,5.8,15.0,,48.2,37.9,0.0,999.9,0,672
6,2012,11,17,2012-11-17,43.6,27.9,1034.8,10.0,4.7,16.9,22.0,51.1,39.0,0.0,999.9,0,542
7,2012,11,18,2012-11-18,43.2,31.0,1037.2,9.8,5.5,14.0,21.0,48.9,34.0,0.0,999.9,0,446
1,2012,11,19,2012-11-19,43.0,34.8,1032.3,10.0,6.3,16.9,22.9,53.6,37.9,0.0,999.9,0,585
2,2012,11,20,2012-11-20,44.4,32.8,1022.1,10.0,3.6,14.0,19.0,51.8,39.9,0.0,999.9,0,671
3,2012,11,21,2012-11-21,46.5,32.7,1021.7,10.0,4.2,16.9,22.0,53.6,41.0,0.0,999.9,0,689
4,2012,11,22,2012-11-22,47.3,36.2,1023.4,10.0,3.4,15.9,,54.0,42.1,0.0,999.9,0,384
5,2012,11,23,2012-11-23,48.3,40.8,1016.5,8.9,3.4,8.9,,54.0,39.2,0.0,999.9,1,481
6,2012,11,24,2012-11-24,44.1,27.7,1006.8,9.5,7.6,20.0,30.9,53.1,37.9,0.01,999.9,1,458
7,2012,11,25,2012-11-25,36.6,17.2,1011.6,10.0,7.1,22.9,30.9,41.0,33.1,0.0,999.9,0,415
1,2012,11,26,2012-11-26,40.3,19.7,1017.3,10.0,4.9,16.9,23.9,46.9,36.0,0.0,999.9,0,563
2,2012,11,27,2012-11-27,38.7,27.2,1024.2,7.0,4.4,9.9,,44.6,33.8,0.0,999.9,0,583
3,2012,11,28,2012-11-28,37.5,28.8,1022.7,9.3,7.1,21.0,28.0,44.6,34.0,0.59,999.9,0,512
4,2012,11,29,2012-11-29,37.5,21.9,1025.9,9.7,5.8,15.9,22.9,43.0,32.0,0.01,999.9,0,515
5,2012,11,30,2012-11-30,41.3,25.8,1027.7,9.3,4.7,18.1,22.9,46.0,35.6,0.0,999.9,0,576
6,2012,12,01,2012-12-01,38.5,32.1,1031.4,9.3,9.2,14.0,22.0,45.0,34.0,0.0,999.9,0,480
7,2012,12,02,2012-12-02,44.3,41.0,1026.9,3.9,3.0,15.0,,53.6,41.0,0.08,999.9,1,455
1,2012,12,03,2012-12-03,53.5,45.3,1021.4,7.0,3.9,15.0,,60.1,39.2,0.04,999.9,0,621
2,2012,12,04,2012-12-04,51.9,47.1,1022.8,5.6,2.9,9.9,,62.1,37.4,0.04,999.9,1,621
3,2012,12,05,2012-12-05,52.6,41.5,1016.3,9.1,6.3,19.0,28.0,57.9,39.9,0.01,999.9,0,514
4,2012,12,06,2012-12-06,35.0,16.8,1025.5,10.0,3.6,19.0,27.0,45.0,28.0,0.01,999.9,0,620
5,2012,12,07,2012-12-07,38.8,30.9,1022.7,7.9,1.9,12.0,,48.2,26.6,0.0,999.9,0,714
6,2012,12,08,2012-12-08,47.3,46.0,1013.7,3.7,3.5,15.9,22.0,55.4,42.8,0.32,999.9,1,580
7,2012,12,09,2012-12-09,46.2,41.7,1020.7,7.2,5.4,15.9,21.0,50.0,42.1,0.25,999.9,0,544
1,2012,12,10,2012-12-10,50.3,49.5,1011.1,2.8,5.7,19.0,26.0,57.9,43.0,0.35,999.9,1,619
2,2012,12,11,2012-12-11,50.1,43.2,1013.2,7.3,6.0,19.0,26.0,59.0,42.8,0.23,999.9,1,578
3,2012,12,12,2012-12-12,40.1,23.6,1026.0,10.0,3.3,12.0,19.0,43.0,33.8,0.01,999.9,0,550
4,2012,12,13,2012-12-13,40.3,24.6,1029.8,10.0,1.7,11.1,,46.0,32.0,0.0,999.9,0,545
5,2012,12,14,2012-12-14,41.4,23.2,1024.4,10.0,4.1,18.1,25.1,48.0,28.0,0.0,999.9,0,648
6,2012,12,15,2012-12-15,42.6,27.1,1024.5,9.9,2.8,13.0,19.0,46.9,33.8,0.0,999.9,0,523
7,2012,12,16,2012-12-16,44.5,37.8,1019.8,7.5,6.5,19.0,27.0,46.9,30.2,0.0,999.9,0,500
1,2012,12,17,2012-12-17,42.0,40.4,1011.3,5.6,9.5,20.0,28.0,50.0,39.0,0.44,999.9,0,649
2,2012,12,18,2012-12-18,47.3,44.5,1000.3,5.3,7.0,12.0,22.0,54.0,42.1,0.34,999.9,0,645
3,2012,12,19,2012-12-19,44.0,30.5,1007.4,10.0,9.3,25.1,34.0,48.0,41.0,0.07,999.9,0,590
4,2012,12,20,2012-12-20,39.8,29.0,1020.3,10.0,8.5,22.9,29.9,44.6,35.1,0.02,999.9,0,606
5,2012,12,21,2012-12-21,47.3,42.9,996.6,7.1,9.4,32.1,42.9,55.9,39.0,0.56,999.9,0,751
6,2012,12,22,2012-12-22,37.4,25.0,998.4,10.0,10.6,25.1,32.1,45.0,33.1,0.7,999.9,0,542
7,2012,12,23,2012-12-23,37.8,20.5,1011.5,10.0,7.6,21.0,32.1,42.1,33.1,0.01,999.9,0,408
1,2012,12,24,2012-12-24,37.0,19.8,1016.1,10.0,3.0,12.0,22.0,42.1,28.9,0.0,999.9,0,518
2,2012,12,25,2012-12-25,37.5,32.5,1016.2,6.8,4.8,15.0,25.1,46.4,30.2,0.01,999.9,0,354
3,2012,12,26,2012-12-26,32.2,25.3,1022.1,8.8,9.5,19.0,29.9,39.2,28.0,0.13,999.9,1,531
4,2012,12,27,2012-12-27,39.1,37.1,996.6,6.0,12.4,34.0,53.0,52.0,33.1,0.84,999.9,1,525
5,2012,12,28,2012-12-28,33.0,22.4,1015.3,9.4,10.0,22.0,34.0,41.0,30.0,0.37,999.9,0,557
6,2012,12,29,2012-12-29,32.5,26.2,1013.1,7.8,5.3,21.0,28.0,44.6,24.8,0.0,999.9,1,442
7,2012,12,30,2012-12-30,32.4,21.1,1011.1,8.8,11.9,39.0,49.9,44.6,28.9,1.9,999.9,0,411
1,2012,12,31,2012-12-31,31.5,17.2,1019.6,10.0,6.8,22.9,35.9,37.4,26.1,0.0,999.9,0,482
2,2013,01,01,2013-01-01,38.0,25.6,1008.8,10.0,15.0,21.0,28.0,41.0,33.1,0.0,999.9,0,381
3,2013,01,02,2013-01-02,27.5,12.1,1013.4,10.0,12.4,15.9,25.1,33.1,21.9,0.0,999.9,0,480
4,2013,01,03,2013-01-03,21.8,7.8,1018.1,10.0,9.8,18.1,24.1,28.9,16.0,0.0,999.9,0,549
5,2013,01,04,2013-01-04,32.2,21.1,1015.2,10.0,11.3,22.0,29.9,41.0,24.1,0.0,999.9,0,505
6,2013,01,05,2013-01-05,37.3,24.5,1017.3,10.0,13.2,20.0,28.0,42.1,30.9,0.0,999.9,0,389
7,2013,01,06,2013-01-06,35.7,31.3,1019.7,9.8,5.9,15.0,20.0,44.1,23.0,0.01,999.9,0,393
1,2013,01,07,2013-01-07,35.9,31.0,1020.5,8.8,8.5,17.1,22.0,42.1,28.0,0.01,999.9,0,521
2,2013,01,08,2013-01-08,39.8,34.1,1028.8,9.8,10.4,17.1,25.1,48.0,25.0,0.0,999.9,0,513
3,2013,01,09,2013-01-09,39.9,37.6,1026.2,6.8,5.3,11.1,,46.0,28.0,0.0,999.9,1,487
4,2013,01,10,2013-01-10,43.5,30.4,1024.0,9.9,14.7,21.0,32.1,48.0,36.0,0.0,999.9,0,555
5,2013,01,11,2013-01-11,38.0,31.4,1030.6,10.0,5.4,11.1,,44.1,32.0,0.0,999.9,0,660
6,2013,01,12,2013-01-12,42.7,41.5,1022.6,7.1,7.9,13.0,20.0,46.4,39.2,0.17,999.9,0,475
7,2013,01,13,2013-01-13,45.4,44.9,1020.7,4.3,5.8,9.9,,46.9,44.1,0.01,999.9,1,373
1,2013,01,14,2013-01-14,47.2,47.1,1017.5,1.3,8.2,15.9,21.0,51.8,44.6,0.0,999.9,1,542
2,2013,01,15,2013-01-15,42.3,38.3,1023.1,9.5,8.0,15.0,,48.9,39.0,0.24,999.9,0,516
3,2013,01,16,2013-01-16,41.6,40.0,1018.3,7.0,8.8,21.0,27.0,45.0,39.2,0.35,999.9,0,578
4,2013,01,17,2013-01-17,39.4,34.6,1014.2,8.6,8.6,14.0,20.0,41.0,37.0,0.47,999.9,1,491
5,2013,01,18,2013-01-18,28.1,16.6,1023.2,7.5,15.0,24.1,32.1,39.9,15.1,0.01,999.9,1,561
6,2013,01,19,2013-01-19,35.9,26.6,1026.4,9.2,15.3,24.1,32.1,46.9,16.0,0.0,999.9,0,484
7,2013,01,20,2013-01-20,46.3,41.2,1010.0,7.0,14.9,20.0,26.0,50.0,43.0,0.0,999.9,0,393
1,2013,01,21,2013-01-21,31.2,16.0,1015.5,9.2,10.1,20.0,26.0,45.0,27.0,0.0,999.9,0,355
2,2013,01,22,2013-01-22,26.3,18.1,1011.1,6.5,10.8,20.0,26.0,32.0,19.9,0.14,999.9,1,544
3,2013,01,23,2013-01-23,16.2,-1.1,1018.6,10.0,15.6,21.0,28.9,21.9,12.9,0.01,999.9,0,545
4,2013,01,24,2013-01-24,14.3,-1.9,1018.7,10.0,15.5,22.9,29.9,19.9,10.0,0.0,999.9,0,554
5,2013,01,25,2013-01-25,19.0,3.3,1023.1,10.0,13.6,21.0,32.1,26.1,14.0,0.0,999.9,0,674
6,2013,01,26,2013-01-26,24.4,16.6,1016.4,8.6,10.5,15.9,19.0,28.0,21.9,0.0,999.9,0,558
7,2013,01,27,2013-01-27,21.7,4.7,1025.6,10.0,16.3,22.9,35.0,28.9,17.1,0.0,999.9,0,429
1,2013,01,28,2013-01-28,27.3,10.8,1028.9,8.8,7.4,14.0,20.0,32.0,21.9,0.0,999.9,0,507
2,2013,01,29,2013-01-29,35.4,34.9,1019.0,2.6,4.9,9.9,,37.4,33.1,0.08,999.9,1,542
3,2013,01,30,2013-01-30,45.1,44.0,1013.9,4.4,12.4,19.0,25.1,48.2,37.0,0.03,999.9,1,497
4,2013,01,31,2013-01-31,46.5,40.3,995.5,5.9,23.1,28.0,39.0,54.0,39.0,0.02,999.9,1,592
5,2013,02,01,2013-02-01,33.1,15.5,1007.0,10.0,18.2,27.0,38.1,39.9,30.0,0.23,999.9,0,574
6,2013,02,02,2013-02-02,27.6,10.4,1020.9,10.0,12.5,19.0,26.0,35.1,21.9,0.0,999.9,0,534
7,2013,02,03,2013-02-03,30.7,24.5,1012.0,8.2,9.8,17.1,22.9,36.0,25.0,0.01,999.9,0,445
1,2013,02,04,2013-02-04,29.0,16.9,1008.3,8.8,15.5,20.0,28.0,30.9,26.6,0.0,999.9,0,553
2,2013,02,05,2013-02-05,28.7,16.6,1014.6,7.8,8.2,14.0,18.1,32.0,27.0,0.0,999.9,0,566
3,2013,02,06,2013-02-06,34.8,30.4,1014.9,9.0,6.1,13.0,17.1,39.2,32.0,0.02,999.9,0,566
4,2013,02,07,2013-02-07,29.4,13.4,1028.7,10.0,10.2,14.0,19.0,35.1,25.0,0.0,999.9,0,526
5,2013,02,08,2013-02-08,34.3,28.5,1026.0,7.3,16.3,36.9,51.1,37.9,26.1,0.0,999.9,0,703
6,2013,02,09,2013-02-09,29.2,25.8,997.4,1.2,35.3,49.0,63.9,37.4,23.0,1.64,999.9,1,403
7,2013,02,10,2013-02-10,24.7,14.7,1024.4,8.9,16.4,25.1,36.9,34.0,21.0,0.06,999.9,0,400
1,2013,02,11,2013-02-11,36.4,32.0,1022.1,7.6,9.8,21.0,28.9,48.0,24.1,0.0,999.9,0,475
2,2013,02,12,2013-02-12,41.4,36.6,1006.1,6.5,11.9,18.1,27.0,45.0,36.0,0.36,999.9,1,498
3,2013,02,13,2013-02-13,36.1,25.2,1010.6,10.0,7.7,15.0,,41.0,26.1,0.0,999.9,0,570
4,2013,02,14,2013-02-14,36.6,29.3,1010.5,8.4,8.9,15.9,21.0,43.0,28.0,0.11,999.9,0,631
5,2013,02,15,2013-02-15,38.6,33.2,1017.0,9.8,6.0,11.1,,46.9,28.0,0.0,999.9,0,604
6,2013,02,16,2013-02-16,39.2,35.8,1012.3,9.2,8.6,17.1,21.0,44.1,34.0,0.0,999.9,1,449
7,2013,02,17,2013-02-17,30.9,25.6,998.1,4.2,23.6,34.0,49.9,39.0,23.0,0.01,999.9,1,447
1,2013,02,18,2013-02-18,24.6,7.6,1010.5,9.3,22.0,28.0,36.9,32.0,19.0,0.0,999.9,0,398
2,2013,02,19,2013-02-19,36.7,25.4,1019.0,10.0,10.6,15.9,26.0,46.0,30.0,0.0,999.9,0,477
3,2013,02,20,2013-02-20,38.7,28.9,1004.5,8.5,16.9,27.0,35.9,46.9,30.9,0.65,999.9,0,510
4,2013,02,21,2013-02-21,30.6,14.1,1009.7,10.0,17.3,21.0,29.9,36.0,28.0,0.03,999.9,0,498
5,2013,02,22,2013-02-22,35.4,25.4,1022.3,9.8,14.2,21.0,28.9,39.9,30.9,0.0,999.9,1,531
6,2013,02,23,2013-02-23,36.3,29.8,1022.9,9.7,7.0,15.0,,41.0,30.9,0.0,999.9,0,521
7,2013,02,24,2013-02-24,42.6,40.7,1004.7,4.3,17.1,24.1,38.1,46.9,37.9,1.07,999.9,0,426
1,2013,02,25,2013-02-25,37.5,30.4,1015.7,8.3,13.4,17.1,24.1,43.0,33.8,0.75,999.9,0,490
2,2013,02,26,2013-02-26,35.0,26.7,1025.2,10.0,5.0,11.1,15.9,45.0,27.0,0.02,999.9,0,537
3,2013,02,27,2013-02-27,44.1,41.0,1014.7,5.9,18.0,29.9,40.0,46.9,39.0,0.24,999.9,1,550
4,2013,02,28,2013-02-28,41.4,38.9,1002.1,7.2,7.8,14.0,,46.9,39.0,0.32,999.9,1,517
5,2013,03,01,2013-03-01,39.3,34.2,1000.8,9.4,10.6,20.0,24.1,43.0,37.0,0.08,999.9,0,603
6,2013,03,02,2013-03-02,38.2,29.1,1004.0,10.0,9.4,14.0,15.0,42.1,36.0,0.0,999.9,0,474
7,2013,03,03,2013-03-03,37.4,29.3,1002.6,10.0,7.1,11.1,,39.9,36.0,0.0,999.9,0,502
1,2013,03,04,2013-03-04,37.0,26.4,1002.1,10.0,11.5,17.1,25.1,43.0,32.0,0.0,999.9,0,597
2,2013,03,05,2013-03-05,38.5,29.8,1009.5,9.9,14.9,21.0,27.0,43.0,35.1,0.0,999.9,0,527
3,2013,03,06,2013-03-06,39.1,34.2,1014.7,9.4,13.5,26.0,39.0,43.0,32.0,0.02,999.9,0,475
4,2013,03,07,2013-03-07,38.3,35.2,1008.2,4.1,31.6,39.0,55.0,41.0,33.8,0.8,999.9,0,535
5,2013,03,08,2013-03-08,37.4,35.2,1008.1,3.3,28.4,35.0,45.1,41.0,36.0,1.58,999.9,0,851
6,2013,03,09,2013-03-09,39.2,31.7,1018.9,9.9,24.9,28.9,42.9,42.1,37.4,0.4,999.9,0,569
7,2013,03,10,2013-03-10,39.0,31.7,1026.9,10.0,11.9,19.0,25.1,43.0,36.0,0.0,999.9,0,415
1,2013,03,11,2013-03-11,39.9,34.7,1026.1,10.0,6.5,11.1,,45.0,36.0,0.0,999.9,0,522
2,2013,03,12,2013-03-12,46.0,43.9,1018.9,7.5,13.1,17.1,26.0,50.0,41.0,0.0,999.9,0,547
3,2013,03,13,2013-03-13,46.3,41.1,1007.6,7.1,13.1,19.0,26.0,50.0,41.0,0.54,999.9,0,636
4,2013,03,14,2013-03-14,37.0,25.3,1007.7,9.7,10.4,18.1,26.0,44.1,30.0,0.49,999.9,0,557
5,2013,03,15,2013-03-15,31.2,13.7,1009.1,10.0,18.5,24.1,36.9,39.0,25.0,0.0,999.9,0,607
6,2013,03,16,2013-03-16,37.1,22.0,1008.1,10.0,10.2,19.0,25.1,41.0,34.0,0.0,999.9,0,521
7,2013,03,17,2013-03-17,34.8,21.5,1014.7,9.9,7.5,14.0,20.0,39.9,28.0,0.0,999.9,0,426
1,2013,03,18,2013-03-18,32.1,15.5,1027.6,10.0,9.0,15.9,20.0,37.0,26.1,0.0,999.9,0,623
2,2013,03,19,2013-03-19,39.6,35.5,1012.4,4.6,16.5,22.9,33.0,46.9,33.1,0.41,999.9,1,559
3,2013,03,20,2013-03-20,36.5,25.7,1007.3,10.0,17.9,25.1,32.1,42.1,32.0,0.35,999.9,0,540
4,2013,03,21,2013-03-21,38.3,29.9,1006.7,9.8,10.9,21.0,27.0,45.0,28.0,0.0,999.9,0,508
5,2013,03,22,2013-03-22,34.3,27.6,1003.8,6.8,13.6,19.0,26.0,39.0,30.0,0.23,999.9,0,604
6,2013,03,23,2013-03-23,38.5,21.7,1006.3,10.0,15.9,22.9,39.0,45.0,32.0,0.02,999.9,0,488
7,2013,03,24,2013-03-24,39.1,23.3,1008.5,10.0,10.4,15.0,22.0,45.0,34.0,0.0,999.9,0,451
1,2013,03,25,2013-03-25,38.1,29.8,1003.3,10.0,9.7,20.0,28.0,46.9,32.0,0.0,999.9,0,498
2,2013,03,26,2013-03-26,39.8,28.7,1002.7,9.7,15.5,24.1,34.0,46.9,35.1,0.05,999.9,0,425
3,2013,03,27,2013-03-27,41.7,30.3,1008.3,10.0,9.4,15.9,22.9,50.0,34.0,0.01,999.9,0,441
4,2013,03,28,2013-03-28,42.5,34.5,1011.7,9.9,12.5,21.0,25.1,50.0,37.9,0.02,999.9,0,549
5,2013,03,29,2013-03-29,45.2,34.3,1016.4,10.0,8.9,14.0,20.0,54.0,39.0,0.02,999.9,0,520
6,2013,03,30,2013-03-30,44.5,35.1,1017.4,10.0,7.0,13.0,17.1,52.0,37.9,0.02,999.9,0,513
7,2013,03,31,2013-03-31,43.0,38.1,1019.2,10.0,7.1,13.0,,48.9,33.1,0.0,999.9,0,426
1,2013,04,01,2013-04-01,47.0,42.9,1005.8,6.8,16.3,26.0,34.0,51.1,44.1,0.18,999.9,0,479
2,2013,04,02,2013-04-02,39.6,18.8,1011.4,9.9,17.2,22.9,33.0,51.1,32.0,0.02,999.9,0,437
3,2013,04,03,2013-04-03,42.6,15.7,1015.8,10.0,17.0,25.1,34.0,51.1,33.8,0.0,999.9,0,532
4,2013,04,04,2013-04-04,39.0,18.8,1023.2,10.0,14.0,19.0,28.0,45.0,34.0,0.0,999.9,0,566
5,2013,04,05,2013-04-05,42.9,38.5,1014.7,8.7,8.0,17.1,22.0,48.0,39.0,0.01,999.9,0,582
6,2013,04,06,2013-04-06,40.2,22.0,1018.3,10.0,12.5,20.0,28.9,45.0,35.1,0.33,999.9,0,531
7,2013,04,07,2013-04-07,39.7,28.6,1025.8,10.0,9.2,17.1,,48.0,26.1,0.0,999.9,0,451
1,2013,04,08,2013-04-08,50.0,41.6,1018.1,9.1,9.4,13.0,,62.1,42.1,0.0,999.9,0,582
2,2013,04,09,2013-04-09,49.4,43.4,1015.9,6.7,10.7,20.0,28.0,63.0,39.9,0.0,999.9,1,613
3,2013,04,10,2013-04-10,46.5,42.0,1014.1,7.6,8.8,15.9,17.1,54.0,41.0,0.12,999.9,1,580
4,2013,04,11,2013-04-11,46.2,41.0,1013.7,6.6,10.0,19.0,26.0,52.0,42.8,0.06,999.9,1,517
5,2013,04,12,2013-04-12,43.6,35.7,1018.6,7.7,13.8,26.0,35.9,51.8,39.2,0.01,999.9,0,649
6,2013,04,13,2013-04-13,44.4,39.7,1008.2,8.2,12.9,22.9,33.0,53.6,39.0,1.44,999.9,1,555
7,2013,04,14,2013-04-14,46.1,38.4,1015.5,9.6,7.7,13.0,,55.9,39.0,0.09,999.9,0,472
1,2013,04,15,2013-04-15,46.1,34.2,1026.0,10.0,8.1,11.1,,53.1,39.0,0.0,999.9,0,603
2,2013,04,16,2013-04-16,46.0,40.5,1028.7,10.0,9.3,15.9,,53.1,37.9,0.0,999.9,0,564
3,2013,04,17,2013-04-17,52.1,42.7,1021.9,8.3,11.0,17.1,22.9,60.1,44.1,0.03,999.9,0,535
4,2013,04,18,2013-04-18,46.5,37.3,1028.1,10.0,8.8,17.1,24.1,54.0,35.1,0.0,999.9,0,553
5,2013,04,19,2013-04-19,52.6,49.4,1018.1,4.6,12.5,19.0,29.9,59.0,46.0,0.0,999.9,1,570
6,2013,04,20,2013-04-20,52.7,49.6,1012.4,3.6,15.2,25.1,39.0,57.2,46.9,0.62,999.9,1,532
7,2013,04,21,2013-04-21,45.1,28.5,1029.4,10.0,11.7,15.9,22.0,48.9,39.0,0.24,999.9,0,471
1,2013,04,22,2013-04-22,43.0,29.8,1037.8,10.0,11.3,20.0,25.1,50.0,34.0,0.0,999.9,0,565
2,2013,04,23,2013-04-23,44.6,40.0,1026.9,5.1,15.0,22.0,28.9,46.4,42.1,0.11,999.9,0,513
3,2013,04,24,2013-04-24,47.5,43.6,1012.9,7.0,19.2,28.0,36.9,52.0,44.6,1.77,999.9,0,598
4,2013,04,25,2013-04-25,50.8,45.1,1017.9,7.2,10.4,15.0,20.0,55.9,45.0,0.01,999.9,0,583
5,2013,04,26,2013-04-26,49.5,37.8,1026.9,9.5,6.5,12.0,,61.0,37.9,0.06,999.9,0,675
6,2013,04,27,2013-04-27,46.6,34.7,1029.1,8.6,3.9,8.0,,55.9,35.1,0.0,999.9,1,517
7,2013,04,28,2013-04-28,48.0,38.5,1027.1,9.8,3.9,8.0,,57.0,37.0,0.0,999.9,0,440
1,2013,04,29,2013-04-29,49.7,37.9,1025.5,9.9,4.3,8.9,,59.0,39.9,0.0,999.9,0,598
2,2013,04,30,2013-04-30,51.0,30.2,1026.2,10.0,5.2,11.1,,63.0,39.9,0.0,999.9,0,576
3,2013,05,01,2013-05-01,49.9,41.4,1030.2,7.4,7.0,9.9,,60.8,39.9,0.0,999.9,1,576
4,2013,05,02,2013-05-02,49.9,42.0,1030.3,9.5,5.0,14.0,20.0,62.1,37.9,0.0,999.9,0,585
5,2013,05,03,2013-05-03,46.9,39.7,1030.0,9.9,13.7,22.9,29.9,53.1,37.9,0.0,999.9,0,686
6,2013,05,04,2013-05-04,47.8,38.7,1026.5,10.0,13.7,22.0,31.1,54.0,43.0,0.0,999.9,0,580
7,2013,05,05,2013-05-05,47.8,39.9,1025.3,9.7,10.1,15.0,20.0,55.9,42.1,0.0,999.9,0,515
1,2013,05,06,2013-05-06,49.2,43.4,1024.3,5.1,5.5,8.9,,61.0,44.1,0.0,999.9,1,561
2,2013,05,07,2013-05-07,54.4,49.9,1021.9,4.4,4.5,8.0,,66.9,46.0,0.0,999.9,1,592
3,2013,05,08,2013-05-08,59.4,54.7,1021.5,7.5,10.5,15.9,22.0,72.0,53.1,0.01,999.9,1,620
4,2013,05,09,2013-05-09,57.2,53.6,1015.2,5.0,6.2,14.0,,62.6,53.6,0.01,999.9,1,602
5,2013,05,10,2013-05-10,56.1,51.0,1014.8,5.7,8.3,13.0,,66.0,51.1,0.0,999.9,1,698
6,2013,05,11,2013-05-11,56.2,53.1,1013.1,3.7,9.4,15.9,22.9,62.1,52.0,0.0,999.9,1,523
7,2013,05,12,2013-05-12,56.2,53.1,1005.6,3.3,11.0,17.1,22.9,59.0,54.0,1.62,999.9,1,527
1,2013,05,13,2013-05-13,53.1,37.1,1013.5,9.9,11.9,18.1,22.0,57.0,46.0,0.07,999.9,0,577
2,2013,05,14,2013-05-14,51.0,35.3,1015.8,9.8,11.8,18.1,29.9,55.9,42.8,0.0,999.9,0,565
3,2013,05,15,2013-05-15,53.1,44.5,1016.5,10.0,12.1,21.0,28.0,59.0,48.0,0.16,999.9,0,532
4,2013,05,16,2013-05-16,57.7,50.1,1006.9,7.1,12.5,20.0,28.0,64.9,53.1,0.02,999.9,0,559
5,2013,05,17,2013-05-17,58.2,43.9,1013.8,9.9,10.7,20.0,22.9,64.0,51.1,0.0,999.9,0,742
6,2013,05,18,2013-05-18,54.6,45.2,1025.3,10.0,5.1,12.0,,64.0,44.1,0.0,999.9,0,506
7,2013,05,19,2013-05-19,56.3,49.4,1027.4,9.3,6.6,12.0,,63.0,46.9,0.0,999.9,0,544
1,2013,05,20,2013-05-20,57.5,54.5,1020.4,2.9,10.3,17.1,22.0,62.1,55.0,0.33,999.9,1,658
2,2013,05,21,2013-05-21,58.0,55.5,1014.3,0.3,7.8,14.0,,61.0,55.4,0.24,999.9,1,697
3,2013,05,22,2013-05-22,57.8,55.1,1013.8,2.5,7.1,13.0,17.1,64.0,53.1,0.0,999.9,1,570
4,2013,05,23,2013-05-23,61.5,57.6,1015.1,3.0,13.3,18.1,24.1,66.9,57.0,0.0,999.9,1,735
5,2013,05,24,2013-05-24,61.0,58.7,1009.8,2.1,14.0,27.0,39.0,64.0,57.2,1.24,999.9,1,668
6,2013,05,25,2013-05-25,55.6,52.3,1005.9,4.6,7.6,15.0,18.1,61.0,51.8,1.03,999.9,1,514
7,2013,05,26,2013-05-26,50.2,41.8,1010.9,9.3,13.9,19.0,28.0,57.0,44.6,0.54,999.9,0,455
1,2013,05,27,2013-05-27,56.9,42.8,1020.0,10.0,14.1,20.0,26.0,64.0,51.1,0.01,999.9,0,420
2,2013,05,28,2013-05-28,56.6,49.6,1023.2,9.9,6.4,11.1,,63.0,46.9,0.0,999.9,0,686
3,2013,05,29,2013-05-29,57.9,54.7,1021.0,4.9,10.9,19.0,26.0,61.0,55.4,0.51,999.9,0,574
4,2013,05,30,2013-05-30,60.9,56.2,1018.8,6.1,11.6,15.0,20.0,66.9,57.2,0.26,999.9,0,685
5,2013,05,31,2013-05-31,62.0,56.8,1018.5,6.7,9.0,13.0,,69.1,57.0,0.02,999.9,0,736
6,2013,06,01,2013-06-01,60.9,57.0,1016.7,7.0,10.9,15.0,,66.0,57.0,0.0,999.9,0,631
7,2013,06,02,2013-06-02,61.8,58.6,1013.6,4.6,12.6,18.1,26.0,66.0,57.9,0.0,999.9,1,487
1,2013,06,03,2013-06-03,60.8,59.8,1012.0,2.0,12.7,19.0,27.0,63.0,59.0,0.21,999.9,1,707
2,2013,06,04,2013-06-04,61.8,51.0,1012.5,7.5,8.7,15.0,,66.0,57.2,0.34,999.9,1,613
3,2013,06,05,2013-06-05,58.6,45.6,1020.5,9.8,5.7,8.9,,68.0,48.9,0.0,999.9,0,599
4,2013,06,06,2013-06-06,58.6,51.0,1022.0,10.0,7.5,14.0,,66.0,51.1,0.0,999.9,0,605
5,2013,06,07,2013-06-07,56.1,53.2,1016.3,7.7,11.8,18.1,26.0,59.0,54.0,0.0,999.9,0,791
6,2013,06,08,2013-06-08,62.3,59.6,1009.3,4.8,19.1,25.1,35.0,64.9,57.0,0.94,999.9,1,571
7,2013,06,09,2013-06-09,63.6,57.2,1019.3,6.9,8.1,13.0,,72.0,53.1,0.01,999.9,1,533
1,2013,06,10,2013-06-10,62.2,56.1,1021.3,9.3,6.0,8.9,,72.0,53.1,0.0,999.9,0,624
2,2013,06,11,2013-06-11,60.8,59.5,1008.7,1.8,13.2,17.1,24.1,64.4,55.9,1.36,999.9,1,635
3,2013,06,12,2013-06-12,64.0,55.9,1003.4,8.1,14.0,19.0,27.0,71.1,59.0,0.03,999.9,0,615
4,2013,06,13,2013-06-13,60.8,52.4,1008.2,10.0,8.7,15.0,21.0,66.0,55.0,0.0,999.9,0,535
5,2013,06,14,2013-06-14,55.0,50.7,1003.0,7.0,18.3,28.0,36.9,60.1,52.0,0.12,999.9,0,693
6,2013,06,15,2013-06-15,62.4,52.3,1011.0,10.0,7.4,13.0,,72.0,52.0,0.14,999.9,0,596
7,2013,06,16,2013-06-16,61.3,57.0,1013.5,8.9,9.2,15.0,22.0,66.0,57.0,0.01,999.9,0,477
1,2013,06,17,2013-06-17,63.2,59.2,1011.3,7.0,9.1,14.0,21.0,68.0,57.0,0.03,999.9,0,614
2,2013,06,18,2013-06-18,60.9,58.6,1012.9,3.1,4.9,12.0,22.9,66.0,57.2,0.07,999.9,1,613
3,2013,06,19,2013-06-19,62.6,54.4,1014.3,8.4,12.2,21.0,28.0,69.1,57.9,0.06,999.9,0,622
4,2013,06,20,2013-06-20,60.6,53.1,1023.9,9.6,5.6,12.0,,69.1,52.0,0.1,999.9,0,681
5,2013,06,21,2013-06-21,62.0,56.1,1025.9,10.0,8.3,11.1,,68.0,57.0,0.05,999.9,0,690
6,2013,06,22,2013-06-22,63.4,58.5,1024.6,10.0,8.2,12.0,,71.1,59.0,0.0,999.9,0,599
7,2013,06,23,2013-06-23,64.9,60.9,1021.8,9.8,9.0,14.0,,70.0,61.0,0.01,999.9,0,505
1,2013,06,24,2013-06-24,66.8,64.5,1016.0,2.8,12.1,15.9,22.0,73.9,64.0,0.0,999.9,1,680
2,2013,06,25,2013-06-25,69.7,63.8,1012.8,8.4,10.2,14.0,,78.1,64.0,0.0,999.9,0,648
3,2013,06,26,2013-06-26,69.5,64.6,1008.6,6.1,9.9,15.9,26.0,81.0,64.0,0.0,999.9,1,621
4,2013,06,27,2013-06-27,65.5,64.0,1010.0,3.1,5.4,13.0,,69.1,62.1,0.0,999.9,1,598
5,2013,06,28,2013-06-28,66.1,64.8,1004.7,2.1,12.9,26.0,33.0,69.8,64.0,0.85,999.9,1,608
6,2013,06,29,2013-06-29,66.2,64.9,1004.0,1.4,13.7,19.0,24.1,69.1,64.4,0.26,999.9,1,591
7,2013,06,30,2013-06-30,65.4,64.2,1012.1,1.9,8.8,14.0,,69.1,64.0,0.05,999.9,1,423
1,2013,07,01,2013-07-01,66.7,65.3,1017.0,4.1,10.4,14.0,20.0,72.0,64.0,0.04,999.9,0,633
2,2013,07,02,2013-07-02,67.7,65.5,1022.2,4.0,9.5,13.0,18.1,73.0,64.9,0.04,999.9,1,601
3,2013,07,03,2013-07-03,68.7,67.2,1024.1,2.5,9.5,15.0,,72.0,64.4,0.03,999.9,1,635
4,2013,07,04,2013-07-04,69.8,68.0,1023.5,1.8,11.9,15.0,21.0,75.0,68.0,0.02,999.9,1,438
5,2013,07,05,2013-07-05,71.6,68.2,1021.6,6.8,12.4,17.1,22.0,77.0,68.0,0.03,999.9,1,576
6,2013,07,06,2013-07-06,73.0,69.2,1018.5,8.1,13.1,15.9,22.9,79.0,68.0,0.01,999.9,0,516
7,2013,07,07,2013-07-07,74.4,69.8,1016.3,9.0,9.1,14.0,19.0,82.0,69.1,0.01,999.9,0,475
1,2013,07,08,2013-07-08,72.6,68.9,1015.5,6.7,10.7,17.1,24.1,78.1,68.0,0.0,999.9,1,617
2,2013,07,09,2013-07-09,72.7,69.3,1018.0,5.7,7.0,13.0,,80.1,69.1,0.0,999.9,1,583
3,2013,07,10,2013-07-10,71.1,69.7,1015.5,1.9,7.1,12.0,,77.0,69.1,0.0,999.9,1,614
4,2013,07,11,2013-07-11,71.8,69.7,1011.6,4.9,9.5,13.0,19.0,75.9,69.1,0.01,999.9,0,550
5,2013,07,12,2013-07-12,69.4,67.8,1015.9,3.1,6.7,15.0,49.9,72.0,66.0,0.06,999.9,1,599
6,2013,07,13,2013-07-13,67.9,66.3,1024.4,3.3,6.2,9.9,,75.9,63.0,0.01,999.9,1,575
7,2013,07,14,2013-07-14,72.9,70.5,1025.1,4.5,5.3,14.0,,79.0,66.0,0.01,999.9,1,471
1,2013,07,15,2013-07-15,76.3,71.2,1021.6,9.3,5.7,9.9,,82.9,69.1,0.0,999.9,0,581
2,2013,07,16,2013-07-16,77.4,68.4,1019.6,8.3,7.3,14.0,,87.1,69.1,0.0,999.9,0,582
3,2013,07,17,2013-07-17,72.9,65.8,1020.8,9.9,5.6,8.9,,84.0,66.9,0.0,999.9,0,609
4,2013,07,18,2013-07-18,75.6,69.6,1016.6,8.1,6.8,14.0,,88.0,68.0,0.0,999.9,0,636
5,2013,07,19,2013-07-19,73.9,71.4,1013.4,2.8,9.6,15.9,22.0,80.1,69.1,0.0,999.9,1,697
6,2013,07,20,2013-07-20,74.5,71.7,1008.8,3.3,11.8,15.9,20.0,80.1,71.1,0.0,999.9,0,551
7,2013,07,21,2013-07-21,72.8,69.1,1012.6,6.6,5.3,12.0,,77.0,66.9,0.04,999.9,0,447
1,2013,07,22,2013-07-22,68.3,65.9,1015.1,5.6,5.1,8.0,,78.1,64.0,0.17,999.9,1,591
2,2013,07,23,2013-07-23,72.1,70.0,1007.1,3.7,8.1,14.0,19.0,78.8,66.2,0.0,999.9,1,571
3,2013,07,24,2013-07-24,74.9,71.6,1006.7,5.7,8.4,13.0,20.0,82.0,70.0,0.6,999.9,1,571
4,2013,07,25,2013-07-25,67.7,62.8,1014.3,9.7,13.8,19.0,27.0,75.0,64.0,0.4,999.9,0,507
5,2013,07,26,2013-07-26,66.1,64.4,1012.2,6.0,15.0,22.0,28.9,69.8,64.0,2.43,999.9,0,617
6,2013,07,27,2013-07-27,69.1,66.1,1018.0,9.6,8.8,15.0,18.1,73.9,64.9,0.26,999.9,0,516
7,2013,07,28,2013-07-28,69.8,68.0,1015.8,5.7,6.5,12.0,22.9,75.2,66.2,0.12,999.9,1,485
1,2013,07,29,2013-07-29,69.2,67.1,1017.1,6.5,5.3,9.9,,73.9,64.0,0.02,999.9,0,597
2,2013,07,30,2013-07-30,71.2,64.3,1018.0,7.8,7.8,11.1,,77.0,66.2,0.01,999.9,1,584
3,2013,07,31,2013-07-31,70.6,62.6,1019.3,10.0,6.7,8.9,,78.1,64.9,0.0,999.9,0,553
4,2013,08,01,2013-08-01,68.9,64.7,1016.5,9.8,5.3,9.9,,78.1,63.0,0.01,999.9,0,643
5,2013,08,02,2013-08-02,69.7,66.0,1011.1,9.5,8.3,15.0,20.0,75.9,63.0,0.03,999.9,0,626
6,2013,08,03,2013-08-03,69.3,66.1,1011.8,7.2,10.9,15.9,22.9,75.9,66.0,0.0,999.9,0,492
7,2013,08,04,2013-08-04,69.4,61.9,1009.8,9.0,8.3,12.0,19.0,75.9,60.1,0.25,999.9,0,454
1,2013,08,05,2013-08-05,68.1,54.5,1013.3,10.0,12.2,15.9,24.1,75.9,60.1,0.0,999.9,0,545
2,2013,08,06,2013-08-06,66.2,54.5,1019.1,10.0,5.3,8.9,,73.9,55.9,0.0,999.9,0,543
3,2013,08,07,2013-08-07,64.5,55.9,1022.0,9.9,5.1,9.9,,73.9,54.0,0.0,999.9,0,508
4,2013,08,08,2013-08-08,67.8,64.0,1020.1,10.0,6.7,9.9,,75.0,54.0,0.0,999.9,0,549
5,2013,08,09,2013-08-09,70.7,68.8,1016.9,9.3,13.1,21.0,27.0,75.0,61.0,0.03,999.9,0,579
6,2013,08,10,2013-08-10,72.4,66.5,1012.3,6.4,11.2,15.0,21.0,80.1,68.0,0.06,999.9,1,495
7,2013,08,11,2013-08-11,69.5,56.7,1017.0,10.0,7.5,11.1,,80.1,60.1,0.0,999.9,0,481
1,2013,08,12,2013-08-12,68.2,63.2,1016.8,10.0,7.2,11.1,,75.0,60.1,0.0,999.9,0,519
2,2013,08,13,2013-08-13,67.8,66.7,1011.1,4.6,3.4,17.1,,73.9,64.0,0.0,999.9,1,553
3,2013,08,14,2013-08-14,68.4,59.6,1007.5,8.3,9.6,19.0,24.1,73.0,64.0,0.5,999.9,0,622
4,2013,08,15,2013-08-15,67.2,52.7,1016.9,10.0,10.2,15.0,21.0,73.0,62.1,0.0,999.9,0,599
5,2013,08,16,2013-08-16,67.4,59.7,1021.2,10.0,8.2,12.0,,73.0,62.1,0.0,999.9,0,678
6,2013,08,17,2013-08-17,67.3,59.8,1023.8,10.0,3.2,8.0,,75.9,55.9,0.0,999.9,0,504
7,2013,08,18,2013-08-18,64.8,58.4,1023.8,8.4,3.3,8.0,,75.9,55.9,0.01,999.9,1,442
1,2013,08,19,2013-08-19,65.5,60.8,1017.5,9.5,8.1,13.0,,73.9,57.0,0.39,999.9,0,462
2,2013,08,20,2013-08-20,71.0,64.7,1017.3,9.5,7.0,11.1,,78.1,57.0,0.01,999.9,0,542
3,2013,08,21,2013-08-21,70.3,66.7,1020.1,7.1,6.5,9.9,,79.0,64.0,0.0,999.9,1,562
4,2013,08,22,2013-08-22,70.5,68.9,1016.9,3.9,9.8,14.0,,79.0,64.0,0.01,999.9,1,578
5,2013,08,23,2013-08-23,70.6,65.0,1013.1,7.8,12.1,22.9,28.0,77.0,63.0,0.0,999.9,0,636
6,2013,08,24,2013-08-24,66.2,55.2,1022.3,10.0,10.7,19.0,24.1,77.0,55.9,0.0,999.9,0,527
7,2013,08,25,2013-08-25,64.0,54.6,1026.6,10.0,6.7,12.0,,75.0,50.0,0.0,999.9,0,459
1,2013,08,26,2013-08-26,68.3,64.1,1020.1,10.0,11.2,19.0,22.0,75.0,50.0,0.0,999.9,0,521
2,2013,08,27,2013-08-27,68.0,66.6,1011.8,4.5,8.0,14.0,,70.0,64.4,0.39,999.9,1,507
3,2013,08,28,2013-08-28,66.4,64.6,1012.0,3.9,6.8,9.9,,72.0,62.6,0.67,999.9,1,482
4,2013,08,29,2013-08-29,65.7,63.7,1014.4,5.8,11.3,17.1,21.0,69.1,62.6,0.0,999.9,1,572
5,2013,08,30,2013-08-30,65.0,59.2,1014.8,9.9,10.8,17.1,21.0,70.0,59.0,0.0,999.9,0,599
6,2013,08,31,2013-08-31,69.4,67.0,1011.9,7.0,10.9,13.0,,75.0,59.0,0.0,999.9,0,480
7,2013,09,01,2013-09-01,70.7,68.3,1012.4,7.5,10.1,13.0,,75.9,66.9,0.0,999.9,0,480
1,2013,09,02,2013-09-02,70.8,68.7,1010.3,7.0,7.7,11.1,,75.9,68.0,0.0,999.9,1,431
2,2013,09,03,2013-09-03,70.1,69.0,1008.1,2.0,6.8,11.1,,75.9,66.0,0.05,999.9,1,551
3,2013,09,04,2013-09-04,68.5,61.9,1011.4,8.9,8.8,15.0,20.0,73.9,63.0,0.06,999.9,0,604
4,2013,09,05,2013-09-05,67.4,62.1,1013.8,10.0,10.4,17.1,22.0,75.9,61.0,0.0,999.9,0,493
5,2013,09,06,2013-09-06,60.3,47.8,1021.1,10.0,5.3,12.0,,75.9,52.0,0.0,999.9,0,525
6,2013,09,07,2013-09-07,63.6,50.4,1017.9,10.0,10.2,17.1,22.0,71.1,52.0,0.0,999.9,0,585
7,2013,09,08,2013-09-08,68.0,59.3,1010.5,10.0,13.3,19.0,26.0,75.9,57.0,0.0,999.9,0,500
1,2013,09,09,2013-09-09,59.8,42.5,1021.4,10.0,8.2,15.9,22.0,75.9,50.0,0.0,999.9,0,632
2,2013,09,10,2013-09-10,65.5,57.5,1022.0,10.0,10.1,18.1,22.9,72.0,50.0,0.0,999.9,0,629
3,2013,09,11,2013-09-11,69.9,66.8,1019.3,6.8,10.9,13.0,19.0,73.9,61.0,0.0,999.9,0,576
4,2013,09,12,2013-09-12,70.2,67.6,1013.7,5.3,11.4,15.9,20.0,75.0,66.9,0.0,999.9,0,695
5,2013,09,13,2013-09-13,69.1,67.0,1004.5,6.1,8.9,15.0,19.0,75.0,66.9,0.01,999.9,1,652
6,2013,09,14,2013-09-14,64.5,57.6,1010.4,10.0,9.1,13.0,19.0,73.9,60.1,0.13,999.9,0,519
7,2013,09,15,2013-09-15,61.2,50.7,1019.4,10.0,6.6,13.0,17.1,68.0,51.1,0.0,999.9,0,476
1,2013,09,16,2013-09-16,62.4,54.8,1017.9,10.0,7.4,13.0,15.0,70.0,51.1,0.0,999.9,0,570
2,2013,09,17,2013-09-17,56.1,43.1,1024.7,10.0,16.3,22.9,29.9,70.0,51.1,0.02,999.9,0,627
3,2013,09,18,2013-09-18,56.1,42.7,1025.2,10.0,5.8,11.1,,69.1,43.0,0.0,999.9,0,571
4,2013,09,19,2013-09-19,62.4,54.6,1020.3,10.0,9.6,15.0,19.0,69.1,43.0,0.0,999.9,0,536
5,2013,09,20,2013-09-20,62.6,58.5,1018.4,9.5,6.2,8.9,,71.1,53.6,0.01,999.9,0,631
6,2013,09,21,2013-09-21,63.6,60.3,1015.6,9.9,7.8,13.0,,72.0,54.0,0.01,999.9,1,546
7,2013,09,22,2013-09-22,66.3,63.4,1007.0,8.8,9.8,15.0,29.9,72.0,60.1,0.24,999.9,0,585
1,2013,09,23,2013-09-23,57.5,44.9,1011.2,10.0,10.4,15.0,22.0,69.1,48.9,0.0,999.9,0,661
2,2013,09,24,2013-09-24,54.5,42.7,1013.0,10.0,8.4,13.0,19.0,61.0,46.0,0.0,999.9,0,615
3,2013,09,25,2013-09-25,55.3,45.3,1012.3,10.0,4.5,8.9,,64.0,44.1,0.0,999.9,0,539
4,2013,09,26,2013-09-26,56.8,46.4,1015.6,10.0,8.0,17.1,20.0,64.0,44.1,0.0,999.9,0,516
5,2013,09,27,2013-09-27,58.1,51.2,1020.2,10.0,11.5,18.1,24.1,64.0,46.9,0.0,999.9,0,553
6,2013,09,28,2013-09-28,59.2,50.1,1024.6,10.0,7.4,11.1,,69.1,50.0,0.0,999.9,0,547
7,2013,09,29,2013-09-29,54.9,50.1,1022.8,10.0,7.8,13.0,,69.1,45.0,0.01,999.9,0,506
1,2013,09,30,2013-09-30,59.5,54.3,1016.9,9.8,10.4,19.0,22.9,66.9,45.0,0.01,999.9,0,605
2,2013,10,01,2013-10-01,62.1,51.8,1012.9,10.0,8.0,15.0,,70.0,53.1,0.0,999.9,0,616
3,2013,10,02,2013-10-02,64.8,58.1,1012.1,9.3,8.7,17.1,19.0,73.9,53.1,0.01,999.9,1,647
4,2013,10,03,2013-10-03,65.8,56.3,1016.4,10.0,6.5,8.9,,75.9,59.0,0.0,999.9,0,590
5,2013,10,04,2013-10-04,62.8,57.5,1017.7,9.3,5.2,8.9,,71.1,53.6,0.01,999.9,1,658
6,2013,10,05,2013-10-05,61.3,57.7,1018.0,9.6,4.2,8.0,,72.0,54.0,0.13,999.9,0,497
7,2013,10,06,2013-10-06,59.1,54.8,1021.1,6.9,7.2,14.0,22.0,64.9,53.1,0.0,999.9,1,404
1,2013,10,07,2013-10-07,65.7,62.3,1017.4,8.5,11.9,15.0,20.0,73.0,53.1,0.0,999.9,0,618
2,2013,10,08,2013-10-08,61.5,51.6,1019.7,8.7,12.2,18.1,24.1,73.0,52.0,0.47,999.9,0,574
3,2013,10,09,2013-10-09,56.4,44.3,1027.9,10.0,11.6,22.0,26.0,64.9,51.1,0.03,999.9,0,529
4,2013,10,10,2013-10-10,58.4,52.6,1024.3,10.0,11.6,15.0,22.0,64.9,54.0,0.0,999.9,0,559
5,2013,10,11,2013-10-11,60.6,56.6,1018.4,10.0,13.3,19.0,26.0,64.9,55.0,0.0,999.9,0,621
6,2013,10,12,2013-10-12,58.6,53.4,1021.7,10.0,13.2,22.0,31.1,64.9,54.0,0.0,999.9,0,556
7,2013,10,13,2013-10-13,55.1,45.6,1027.8,10.0,11.4,15.9,22.9,64.0,48.0,0.0,999.9,0,502
1,2013,10,14,2013-10-14,51.5,44.0,1027.0,10.0,4.6,8.9,,62.1,41.0,0.0,999.9,0,440
2,2013,10,15,2013-10-15,53.9,47.3,1023.8,10.0,6.3,12.0,,63.0,41.0,0.01,999.9,0,615
3,2013,10,16,2013-10-16,57.5,55.4,1017.7,6.2,9.3,14.0,,63.0,44.1,0.01,999.9,0,548
4,2013,10,17,2013-10-17,59.4,57.4,1011.5,7.9,6.1,11.1,,63.0,55.0,0.01,999.9,0,574
5,2013,10,18,2013-10-18,62.3,57.0,1008.3,8.8,11.0,20.0,25.1,68.0,57.0,0.01,999.9,0,680
6,2013,10,19,2013-10-19,57.3,45.0,1013.9,10.0,6.2,11.1,15.9,68.0,46.9,0.0,999.9,0,471
7,2013,10,20,2013-10-20,58.3,47.4,1010.3,10.0,9.4,15.9,21.0,62.1,46.9,0.05,999.9,0,490
1,2013,10,21,2013-10-21,54.4,41.1,1018.5,10.0,7.1,15.0,19.0,64.0,39.9,0.0,999.9,0,616
2,2013,10,22,2013-10-22,59.1,52.4,1012.5,10.0,6.1,8.9,,66.9,39.9,0.0,999.9,0,540
3,2013,10,23,2013-10-23,52.5,44.6,1005.8,9.8,7.9,12.0,,66.9,48.0,0.0,999.9,0,558
4,2013,10,24,2013-10-24,48.4,34.5,1007.5,9.9,10.8,15.9,27.0,57.0,43.0,0.36,999.9,0,632
5,2013,10,25,2013-10-25,48.0,30.2,1015.2,10.0,9.2,13.0,21.0,54.0,43.0,0.0,999.9,0,647
6,2013,10,26,2013-10-26,49.0,32.9,1020.1,10.0,13.7,25.1,34.0,57.9,32.0,0.0,999.9,0,626
7,2013,10,27,2013-10-27,54.3,38.7,1012.5,10.0,13.8,26.0,35.9,57.9,50.0,0.01,999.9,0,512
1,2013,10,28,2013-10-28,50.7,33.0,1020.4,10.0,10.3,21.0,27.0,57.9,36.0,0.0,999.9,0,620
2,2013,10,29,2013-10-29,47.5,34.1,1027.6,10.0,6.8,15.0,20.0,57.9,36.0,0.0,999.9,0,600
3,2013,10,30,2013-10-30,46.8,38.6,1025.8,10.0,5.2,11.1,,57.9,34.0,0.0,999.9,0,558
4,2013,10,31,2013-10-31,54.8,50.9,1021.4,9.1,6.0,12.0,,62.1,34.0,0.0,999.9,0,615
5,2013,11,01,2013-11-01,62.3,59.7,1008.7,6.3,18.2,24.1,34.0,66.0,45.0,0.01,999.9,0,710
6,2013,11,02,2013-11-02,57.4,55.2,1003.8,6.4,5.6,15.0,21.0,66.0,53.1,0.14,999.9,1,551
7,2013,11,03,2013-11-03,49.4,43.7,1013.0,8.8,12.0,24.1,28.9,60.1,42.1,0.05,999.9,0,415
1,2013,11,04,2013-11-04,42.0,26.0,1032.0,10.0,13.9,20.0,25.1,55.0,39.0,0.0,999.9,0,658
2,2013,11,05,2013-11-05,43.5,30.4,1037.8,10.0,3.9,7.0,,50.0,37.9,0.0,999.9,0,510
3,2013,11,06,2013-11-06,46.5,41.4,1030.4,10.0,3.7,8.9,,57.0,36.0,0.0,999.9,0,635
4,2013,11,07,2013-11-07,57.8,55.7,1015.6,7.1,11.4,20.0,28.0,64.0,37.0,0.01,999.9,0,646
5,2013,11,08,2013-11-08,47.1,32.0,1012.2,10.0,13.7,20.0,27.0,64.0,41.0,1.56,999.9,0,682
6,2013,11,09,2013-11-09,41.7,22.4,1020.4,10.0,12.9,21.0,28.9,51.1,37.9,0.03,999.9,0,571
7,2013,11,10,2013-11-10,52.5,39.7,1013.4,10.0,13.0,26.0,35.9,60.1,37.9,0.0,999.9,0,474
1,2013,11,11,2013-11-11,47.1,30.4,1015.7,10.0,15.9,22.0,31.1,60.1,42.1,0.01,999.9,0,456
2,2013,11,12,2013-11-12,45.7,36.8,1015.0,8.5,16.5,22.9,28.9,55.0,32.0,0.0,999.9,0,647
3,2013,11,13,2013-11-13,33.5,20.7,1022.1,10.0,12.6,15.9,25.1,37.4,30.0,0.06,999.9,0,593
4,2013,11,14,2013-11-14,42.8,27.4,1021.3,10.0,14.2,22.0,28.9,50.0,30.0,0.0,999.9,0,620
5,2013,11,15,2013-11-15,53.0,39.1,1022.7,10.0,12.3,17.1,20.0,57.9,48.9,0.0,999.9,0,617
6,2013,11,16,2013-11-16,51.2,43.6,1025.0,9.6,6.5,9.9,,57.9,46.9,0.0,999.9,0,612
7,2013,11,17,2013-11-17,48.9,45.9,1024.9,6.8,7.0,13.0,,55.9,37.4,0.0,999.9,1,532
1,2013,11,18,2013-11-18,55.9,53.7,1006.1,5.0,13.5,24.1,35.0,60.8,51.1,0.23,999.9,1,611
2,2013,11,19,2013-11-19,47.0,29.2,1010.1,9.8,14.0,22.0,28.9,60.1,39.9,0.26,999.9,0,600
3,2013,11,20,2013-11-20,38.0,21.5,1028.8,10.0,14.5,17.1,25.1,52.0,34.0,0.0,999.9,0,607
4,2013,11,21,2013-11-21,39.0,26.7,1035.0,10.0,4.9,9.9,,48.0,30.9,0.0,999.9,0,628
5,2013,11,22,2013-11-22,46.2,41.9,1024.5,9.4,5.6,18.1,25.1,54.0,30.9,0.0,999.9,0,702
6,2013,11,23,2013-11-23,47.3,34.3,1010.4,9.6,9.9,18.1,27.0,54.0,39.0,0.08,999.9,0,536
7,2013,11,24,2013-11-24,30.5,9.2,1011.1,10.0,18.3,28.0,47.0,52.0,26.1,0.01,999.9,0,494
1,2013,11,25,2013-11-25,27.0,4.4,1025.3,10.0,15.4,27.0,39.0,36.0,23.0,0.0,999.9,0,710
2,2013,11,26,2013-11-26,44.4,33.4,1026.6,10.0,11.3,19.0,26.0,50.0,23.0,0.0,999.9,0,867
3,2013,11,27,2013-11-27,53.3,51.9,1009.8,5.2,20.0,32.1,42.9,59.0,46.0,0.15,999.9,0,742
4,2013,11,28,2013-11-28,40.1,28.4,1014.2,9.4,14.9,24.1,35.9,60.1,30.0,1.86,999.9,0,429
5,2013,11,29,2013-11-29,31.2,12.9,1033.0,10.0,8.7,14.0,17.1,42.1,26.1,0.0,999.9,0,437
6,2013,11,30,2013-11-30,31.3,15.4,1038.9,10.0,6.5,12.0,,37.9,25.0,0.0,999.9,0,479
7,2013,12,01,2013-12-01,43.1,35.0,1026.2,9.8,10.9,14.0,,50.0,25.0,0.0,999.9,0,420
1,2013,12,02,2013-12-02,44.0,42.1,1014.2,7.0,7.1,11.1,,50.0,39.0,0.07,999.9,1,549
2,2013,12,03,2013-12-03,41.8,38.2,1011.1,10.0,11.7,18.1,24.1,46.0,39.0,0.0,999.9,0,553
3,2013,12,04,2013-12-04,39.8,31.7,1017.2,9.8,6.4,11.1,,45.0,30.9,0.0,999.9,0,520
4,2013,12,05,2013-12-05,43.4,40.5,1021.5,8.3,7.4,13.0,20.0,51.1,30.0,0.0,999.9,1,573
5,2013,12,06,2013-12-06,50.6,49.7,1015.2,3.0,8.4,14.0,19.0,55.9,33.1,0.0,999.9,1,759
6,2013,12,07,2013-12-07,39.7,34.5,1021.6,7.8,11.8,19.0,25.1,55.9,37.0,0.51,999.9,0,567
7,2013,12,08,2013-12-08,34.0,19.4,1032.4,10.0,8.8,15.0,20.0,41.0,30.9,0.28,999.9,0,456
1,2013,12,09,2013-12-09,40.8,36.3,1023.6,6.8,11.2,21.0,34.0,51.8,33.1,0.13,999.9,0,639
2,2013,12,10,2013-12-10,38.8,35.1,1012.4,6.7,9.1,17.1,25.1,51.1,33.1,0.2,999.9,1,539
3,2013,12,11,2013-12-11,31.8,20.6,1020.3,9.9,12.8,18.1,29.9,42.1,28.0,0.19,999.9,0,605
4,2013,12,12,2013-12-12,28.1,11.3,1022.3,10.0,11.5,19.0,26.0,34.0,19.9,0.0,999.9,0,648
5,2013,12,13,2013-12-13,28.1,12.0,1019.3,9.9,12.7,24.1,31.1,35.1,19.9,0.0,999.9,0,695
6,2013,12,14,2013-12-14,26.9,15.8,1029.8,8.1,10.7,15.0,22.0,35.1,23.0,0.0,999.9,0,690
7,2013,12,15,2013-12-15,40.0,37.1,1004.5,5.8,18.9,26.0,36.9,51.8,32.0,0.87,999.9,0,450
1,2013,12,16,2013-12-16,32.0,15.5,1012.3,10.0,12.5,17.1,27.0,35.1,27.0,0.83,999.9,0,640
2,2013,12,17,2013-12-17,28.6,15.9,1021.4,9.0,9.6,18.1,25.1,41.0,21.0,0.0,999.9,0,703
3,2013,12,18,2013-12-18,35.4,30.1,1011.3,8.7,13.0,24.1,32.1,45.0,21.0,0.15,999.9,0,701
4,2013,12,19,2013-12-19,39.1,27.5,1018.9,10.0,13.8,20.0,27.0,48.0,27.0,0.0,999.9,0,607
5,2013,12,20,2013-12-20,42.5,37.5,1019.0,8.3,7.4,12.0,,52.0,32.0,0.0,999.9,0,674
6,2013,12,21,2013-12-21,47.6,45.6,1016.3,5.5,9.0,14.0,,52.0,32.0,0.0,999.9,0,594
7,2013,12,22,2013-12-22,51.9,51.2,1014.6,2.1,15.2,22.9,29.9,55.9,44.1,0.01,999.9,1,505
1,2013,12,23,2013-12-23,48.7,47.5,1015.7,3.5,6.7,14.0,21.0,55.9,39.9,0.0,999.9,1,707
2,2013,12,24,2013-12-24,38.4,34.9,1017.1,8.8,13.4,20.0,26.0,43.0,33.8,0.5,999.9,0,515
3,2013,12,25,2013-12-25,26.2,13.9,1026.6,9.7,12.5,18.1,25.1,39.9,21.0,0.06,999.9,0,257
4,2013,12,26,2013-12-26,33.3,26.8,1029.1,9.3,7.8,15.0,22.0,43.0,21.0,0.0,999.9,0,428
5,2013,12,27,2013-12-27,33.1,22.7,1023.9,10.0,10.0,15.9,22.0,43.0,23.0,0.22,999.9,0,476
6,2013,12,28,2013-12-28,39.3,29.8,1022.2,9.9,10.4,18.1,24.1,50.0,27.0,0.0,999.9,0,475
7,2013,12,29,2013-12-29,43.2,40.6,1016.7,6.9,7.8,24.1,32.1,50.0,27.0,0.0,999.9,0,394
1,2013,12,30,2013-12-30,42.5,36.9,1008.3,8.8,14.1,25.1,34.0,54.0,35.1,0.75,999.9,0,476
2,2013,12,31,2013-12-31,28.5,16.8,1018.8,9.4,10.1,15.0,20.0,34.0,24.8,0.0,999.9,0,465
3,2014,01,01,2014-01-01,28.2,10.4,1025.6,10.0,11.3,21.0,28.9,32.0,25.0,0.0,999.9,0,399
4,2014,01,02,2014-01-02,31.1,22.4,1020.8,5.8,10.9,25.1,34.0,35.6,26.1,0.0,999.9,0,603
5,2014,01,03,2014-01-03,24.2,20.2,1007.0,0.8,26.9,35.9,47.0,30.9,15.8,0.15,999.9,1,423
6,2014,01,04,2014-01-04,18.8,10.9,1030.5,9.3,12.1,21.0,26.0,35.1,8.1,0.01,999.9,0,418
7,2014,01,05,2014-01-05,37.8,33.5,1026.0,9.0,8.6,18.1,25.1,42.1,27.0,0.0,999.9,0,320
1,2014,01,06,2014-01-06,46.3,45.1,1007.0,2.5,14.8,20.0,26.0,52.0,41.0,0.04,999.9,1,518
2,2014,01,07,2014-01-07,23.9,10.4,1009.6,9.4,17.6,28.9,41.0,52.0,15.1,0.12,999.9,0,491
3,2014,01,08,2014-01-08,18.2,5.0,1028.1,10.0,12.0,17.1,26.0,34.0,12.0,0.0,999.9,0,616
4,2014,01,09,2014-01-09,23.5,8.3,1034.2,10.0,7.9,12.0,20.0,28.9,12.0,0.0,999.9,0,561
5,2014,01,10,2014-01-10,28.8,22.6,1034.1,9.7,5.8,11.1,,39.2,12.9,0.0,999.9,0,667
6,2014,01,11,2014-01-11,44.8,43.0,1019.0,4.4,13.4,22.9,32.1,51.8,37.9,0.0,999.9,1,465
7,2014,01,12,2014-01-12,45.1,38.4,1003.8,5.5,14.7,28.9,36.9,53.1,39.0,1.6,999.9,1,388
1,2014,01,13,2014-01-13,38.6,31.2,1018.7,9.2,7.7,12.0,,46.9,28.9,0.01,999.9,0,568
2,2014,01,14,2014-01-14,45.5,43.2,1012.5,5.2,11.8,15.0,22.0,48.0,28.9,0.0,999.9,1,559
3,2014,01,15,2014-01-15,41.1,38.4,1013.3,6.5,6.0,15.9,24.1,48.9,32.0,0.62,999.9,0,583
4,2014,01,16,2014-01-16,40.8,39.3,1010.6,4.6,5.9,11.1,,46.0,32.0,0.0,999.9,0,521
5,2014,01,17,2014-01-17,38.6,35.8,1014.8,6.7,3.7,8.9,,44.1,32.0,0.0,999.9,1,589
6,2014,01,18,2014-01-18,38.8,35.8,1009.2,8.7,7.9,19.0,28.0,44.1,28.0,0.0,999.9,0,448
7,2014,01,19,2014-01-19,36.1,29.0,1005.7,10.0,16.5,28.0,38.1,43.0,32.0,0.04,999.9,0,380
1,2014,01,20,2014-01-20,41.0,27.9,1003.2,10.0,16.8,24.1,35.0,46.9,34.0,0.0,999.9,0,360
2,2014,01,21,2014-01-21,29.2,17.5,1012.1,8.5,12.6,22.0,28.9,46.9,23.0,0.0,999.9,1,1161
3,2014,01,22,2014-01-22,25.0,20.3,1001.1,1.9,25.7,35.9,46.0,36.0,18.0,0.01,999.9,1,498
4,2014,01,23,2014-01-23,16.5,5.1,1014.4,9.7,11.1,19.0,24.1,28.9,9.0,0.0,999.9,0,612
5,2014,01,24,2014-01-24,14.8,-0.5,1022.4,10.0,11.8,15.9,22.9,23.0,9.0,0.0,999.9,0,705
6,2014,01,25,2014-01-25,32.0,23.0,1011.2,8.5,17.0,27.0,35.9,41.0,10.9,0.0,999.9,0,475
7,2014,01,26,2014-01-26,26.8,15.4,1004.7,9.4,17.8,22.9,29.9,41.0,21.0,0.03,999.9,0,465
1,2014,01,27,2014-01-27,38.8,32.3,1008.0,8.8,12.3,17.1,22.9,45.0,21.0,0.0,999.9,0,511
2,2014,01,28,2014-01-28,22.2,-1.3,1020.6,10.0,10.7,17.1,25.1,45.0,17.1,0.0,999.9,0,504
3,2014,01,29,2014-01-29,20.3,10.4,1021.2,6.3,8.1,14.0,,27.0,17.1,0.02,999.9,0,649
4,2014,01,30,2014-01-30,22.0,5.8,1027.2,10.0,8.1,15.9,24.1,27.0,12.9,0.01,999.9,0,657
5,2014,01,31,2014-01-31,33.7,26.7,1020.9,9.9,9.1,15.0,19.0,37.4,28.9,0.0,999.9,0,560
6,2014,02,01,2014-02-01,35.6,25.1,1024.8,10.0,4.8,8.0,,41.0,30.9,0.0,999.9,0,507
7,2014,02,02,2014-02-02,39.3,37.2,1016.5,5.5,8.7,15.0,20.0,45.0,30.9,0.1,999.9,1,417
1,2014,02,03,2014-02-03,36.5,33.6,1018.2,5.3,9.1,15.0,18.1,45.0,32.0,0.06,999.9,1,960
2,2014,02,04,2014-02-04,32.5,26.2,1027.2,10.0,7.8,14.0,,41.0,27.0,0.61,999.9,0,613
3,2014,02,05,2014-02-05,32.3,29.1,1018.9,6.3,9.2,22.9,31.1,37.4,24.1,0.1,999.9,0,468
4,2014,02,06,2014-02-06,30.4,24.5,1018.1,8.6,11.5,17.1,24.1,37.0,24.1,0.56,999.9,0,569
5,2014,02,07,2014-02-07,28.1,15.7,1023.2,10.0,9.0,14.0,19.0,32.0,24.1,0.0,999.9,0,675
6,2014,02,08,2014-02-08,28.2,14.2,1023.9,10.0,8.6,12.0,19.0,32.0,21.9,0.0,999.9,0,424
7,2014,02,09,2014-02-09,30.3,18.2,1018.7,10.0,4.9,9.9,,37.0,21.9,0.0,999.9,0,450
1,2014,02,10,2014-02-10,28.9,18.8,1015.7,9.0,9.0,19.0,26.0,37.0,23.0,0.0,999.9,0,678
2,2014,02,11,2014-02-11,24.0,6.4,1023.8,10.0,9.2,15.0,18.1,32.0,19.9,0.0,999.9,0,636
3,2014,02,12,2014-02-12,23.7,10.0,1030.8,10.0,10.5,17.1,25.1,30.0,17.6,0.0,999.9,0,640
4,2014,02,13,2014-02-13,37.0,32.0,1022.3,6.3,13.4,25.1,36.9,48.9,18.0,0.0,999.9,1,447
5,2014,02,14,2014-02-14,40.2,35.7,989.5,5.7,20.1,35.9,47.0,50.0,30.0,1.41,999.9,1,792
6,2014,02,15,2014-02-15,35.2,28.8,1006.5,7.3,11.8,27.0,35.9,39.0,28.0,0.02,999.9,0,516
7,2014,02,16,2014-02-16,29.8,22.4,1004.2,7.5,20.2,34.0,45.1,39.0,25.0,0.63,999.9,1,464
1,2014,02,17,2014-02-17,24.3,8.9,1019.8,9.3,13.1,19.0,28.0,32.0,19.0,0.0,999.9,0,491
2,2014,02,18,2014-02-18,28.2,18.5,1023.6,9.0,12.7,26.0,32.1,42.1,9.0,0.0,999.9,0,518
3,2014,02,19,2014-02-19,35.0,29.4,1015.6,8.9,12.3,21.0,31.1,44.6,25.0,0.11,999.9,0,552
4,2014,02,20,2014-02-20,39.6,32.2,1018.5,7.1,10.4,15.9,26.0,50.0,23.0,0.19,999.9,0,556
5,2014,02,21,2014-02-21,42.2,40.0,1017.2,3.9,10.4,19.0,26.0,50.0,35.1,0.26,999.9,1,545
6,2014,02,22,2014-02-22,41.4,36.5,1015.1,7.1,11.0,22.0,28.9,51.8,33.8,0.44,999.9,1,587
7,2014,02,23,2014-02-23,42.0,36.9,1015.4,9.5,9.1,13.0,,46.9,34.0,0.0,999.9,0,414
1,2014,02,24,2014-02-24,37.5,25.8,1008.3,9.7,10.3,18.1,28.9,46.9,30.9,0.09,999.9,0,569
2,2014,02,25,2014-02-25,27.0,8.7,1014.2,10.0,15.5,21.0,31.1,42.1,21.9,0.04,999.9,0,513
3,2014,02,26,2014-02-26,25.8,12.6,1012.3,8.9,8.0,17.1,21.0,30.9,21.0,0.0,999.9,0,511
4,2014,02,27,2014-02-27,24.7,11.2,1008.1,8.6,8.4,15.9,26.0,32.0,14.0,0.0,999.9,0,571
5,2014,02,28,2014-02-28,20.3,0.3,1020.5,9.6,12.5,24.1,33.0,28.0,14.0,0.0,999.9,0,655
6,2014,03,01,2014-03-01,24.1,12.5,1029.1,10.0,5.2,11.1,,35.1,12.0,0.0,999.9,0,497
7,2014,03,02,2014-03-02,35.1,28.8,1018.5,9.1,6.8,15.0,21.0,39.9,30.9,0.0,999.9,0,344
1,2014,03,03,2014-03-03,27.3,20.3,1017.2,5.8,11.2,25.1,32.1,33.8,21.0,0.0,999.9,1,440
2,2014,03,04,2014-03-04,24.8,12.2,1025.5,10.0,8.3,12.0,,30.0,21.0,0.0,999.9,0,532
3,2014,03,05,2014-03-05,29.5,18.3,1024.3,9.5,7.1,21.0,26.0,36.0,25.0,0.0,999.9,0,491
4,2014,03,06,2014-03-06,26.3,14.0,1032.2,9.1,16.4,22.0,28.0,30.2,21.0,0.0,999.9,0,558
5,2014,03,07,2014-03-07,29.4,20.9,1027.4,10.0,8.4,14.0,19.0,37.9,19.0,0.0,999.9,0,533
6,2014,03,08,2014-03-08,40.3,33.2,1009.0,8.9,11.0,15.9,21.0,48.0,35.6,0.0,999.9,1,515
7,2014,03,09,2014-03-09,35.2,21.7,1011.2,10.0,8.9,15.0,22.0,37.9,30.0,0.0,999.9,0,404
1,2014,03,10,2014-03-10,33.5,24.0,1010.7,8.9,6.1,15.0,,39.2,28.0,0.0,999.9,0,513
2,2014,03,11,2014-03-11,41.3,34.1,1002.9,8.3,9.0,12.0,18.1,48.9,32.0,0.0,999.9,0,510
3,2014,03,12,2014-03-12,43.4,37.1,1002.2,7.2,9.6,18.1,29.9,51.8,35.1,0.0,999.9,1,515
4,2014,03,13,2014-03-13,32.2,27.9,990.4,3.9,14.7,22.9,28.9,48.2,21.0,0.6,999.9,1,545
5,2014,03,14,2014-03-14,25.4,9.0,1018.4,10.0,15.1,20.0,28.9,35.1,19.0,0.03,999.9,0,585
6,2014,03,15,2014-03-15,41.3,34.3,1011.5,8.8,12.0,15.9,18.1,45.0,36.0,0.0,999.9,0,519
7,2014,03,16,2014-03-16,35.3,16.8,1016.5,10.0,10.7,17.1,24.1,41.0,33.1,0.0,999.9,0,412
1,2014,03,17,2014-03-17,28.5,12.1,1018.8,10.0,14.2,19.0,25.1,39.0,24.1,0.0,999.9,0,519
2,2014,03,18,2014-03-18,27.7,14.7,1023.7,10.0,8.7,15.0,20.0,37.0,18.0,0.0,999.9,0,551
3,2014,03,19,2014-03-19,35.0,23.6,1025.6,10.0,9.7,15.0,20.0,42.1,28.9,0.0,999.9,0,525
4,2014,03,20,2014-03-20,41.7,37.6,1009.6,6.3,14.9,22.9,28.0,46.0,37.0,0.4,999.9,1,627
5,2014,03,21,2014-03-21,39.3,28.2,1010.6,9.6,14.0,22.0,28.0,44.1,35.1,0.0,999.9,0,589
6,2014,03,22,2014-03-22,38.1,27.9,1013.6,9.7,11.2,22.0,31.1,50.0,23.0,0.0,999.9,0,493
7,2014,03,23,2014-03-23,38.9,25.3,1013.9,10.0,9.5,15.0,21.0,43.0,33.1,0.0,999.9,0,427
1,2014,03,24,2014-03-24,27.4,8.0,1017.9,10.0,13.4,24.1,31.1,36.0,21.9,0.0,999.9,0,547
2,2014,03,25,2014-03-25,26.5,10.5,1019.8,10.0,4.1,8.9,,35.1,15.1,0.0,999.9,0,474
3,2014,03,26,2014-03-26,30.8,22.2,1001.4,4.7,28.0,44.1,71.1,34.0,26.6,0.0,999.9,1,563
4,2014,03,27,2014-03-27,28.4,8.6,1022.3,10.0,18.2,24.1,35.0,34.0,23.0,0.0,999.9,0,538
5,2014,03,28,2014-03-28,41.2,35.6,1023.4,8.9,13.7,20.0,27.0,48.0,34.0,0.0,999.9,0,530
6,2014,03,29,2014-03-29,44.9,42.2,1021.6,4.5,10.2,17.1,22.9,51.1,41.0,0.02,999.9,0,569
7,2014,03,30,2014-03-30,46.3,44.7,1001.5,1.7,13.8,20.0,28.0,55.4,39.9,1.22,999.9,1,437
1,2014,03,31,2014-03-31,37.8,35.3,1005.3,6.1,21.3,26.0,38.1,39.9,36.0,0.29,999.9,0,559
2,2014,04,01,2014-04-01,37.1,29.8,1015.3,9.3,17.6,26.0,35.9,42.8,33.8,0.03,999.9,0,549
3,2014,04,02,2014-04-02,39.3,28.6,1019.1,10.0,5.6,11.1,,48.0,32.0,0.0,999.9,0,519
4,2014,04,03,2014-04-03,40.9,30.9,1018.5,10.0,8.4,15.9,20.0,48.9,33.1,0.0,999.9,0,592
5,2014,04,04,2014-04-04,40.0,30.2,1019.1,10.0,7.7,15.0,20.0,48.0,33.1,0.0,999.9,0,622
6,2014,04,05,2014-04-05,44.8,39.6,1008.7,7.7,13.8,19.0,25.1,50.0,41.0,0.03,999.9,1,580
7,2014,04,06,2014-04-06,41.1,25.3,1017.6,10.0,12.5,17.1,22.9,46.9,35.1,0.0,999.9,0,484
1,2014,04,07,2014-04-07,42.0,33.9,1022.6,10.0,7.4,15.0,22.0,48.9,35.1,0.0,999.9,0,533
2,2014,04,08,2014-04-08,47.7,45.8,1003.5,1.9,14.7,22.9,29.9,52.0,44.1,0.7,999.9,1,606
3,2014,04,09,2014-04-09,46.8,36.1,1002.5,9.6,10.0,17.1,22.9,57.0,42.1,0.45,999.9,0,595
4,2014,04,10,2014-04-10,41.6,28.9,1019.5,9.9,8.8,15.9,,57.0,28.0,0.0,999.9,0,645
5,2014,04,11,2014-04-11,48.0,40.6,1017.8,8.8,13.4,18.1,21.0,53.1,44.1,0.0,999.9,0,609
6,2014,04,12,2014-04-12,50.1,40.8,1019.1,8.5,8.6,13.0,,64.0,43.0,0.0,999.9,0,578
7,2014,04,13,2014-04-13,47.0,40.4,1023.8,9.3,8.8,14.0,20.0,64.0,39.0,0.0,999.9,1,482
1,2014,04,14,2014-04-14,52.2,47.8,1019.3,7.0,14.4,18.1,22.9,57.9,39.0,0.0,999.9,0,514
2,2014,04,15,2014-04-15,52.6,48.0,1013.3,6.6,16.0,22.0,32.1,57.9,48.9,0.0,999.9,0,452
3,2014,04,16,2014-04-16,42.9,32.6,1021.9,7.9,19.2,25.1,46.0,57.9,35.1,0.71,999.9,0,570
4,2014,04,17,2014-04-17,37.5,23.8,1037.9,10.0,15.2,21.0,28.9,53.1,34.0,0.67,999.9,0,508
5,2014,04,18,2014-04-18,40.4,32.0,1032.7,9.9,9.1,15.0,21.0,46.0,35.1,0.0,999.9,0,496
6,2014,04,19,2014-04-19,45.7,35.3,1023.5,10.0,5.9,14.0,18.1,59.0,34.0,0.0,999.9,0,525
7,2014,04,20,2014-04-20,44.2,31.2,1030.4,10.0,9.2,18.1,21.0,59.0,34.0,0.0,999.9,0,393
1,2014,04,21,2014-04-21,43.1,36.9,1022.3,10.0,6.2,11.1,,53.1,34.0,0.0,999.9,0,521
2,2014,04,22,2014-04-22,49.5,43.2,1007.7,10.0,5.6,8.9,,57.9,34.0,0.0,999.9,0,459
3,2014,04,23,2014-04-23,49.5,45.4,998.0,9.2,8.6,17.1,29.9,57.9,43.0,0.01,999.9,0,536
4,2014,04,24,2014-04-24,49.6,28.7,1002.9,10.0,19.1,26.0,34.0,57.0,44.1,0.12,999.9,0,586
5,2014,04,25,2014-04-25,49.0,32.3,1013.4,10.0,10.5,15.9,22.9,57.0,43.0,0.0,999.9,0,617
6,2014,04,26,2014-04-26,44.9,36.6,1009.1,9.4,12.2,18.1,26.0,55.0,42.1,0.0,999.9,0,548
7,2014,04,27,2014-04-27,42.4,36.2,1012.5,9.9,4.8,14.0,17.1,50.0,36.0,0.37,999.9,0,449
1,2014,04,28,2014-04-28,46.5,37.2,1016.1,10.0,13.7,20.0,24.1,52.0,41.0,0.01,999.9,0,597
2,2014,04,29,2014-04-29,44.2,36.0,1028.1,10.0,16.5,22.0,28.0,46.9,42.1,0.0,999.9,0,555
3,2014,04,30,2014-04-30,43.5,36.5,1030.7,9.8,12.3,15.9,24.1,46.0,41.0,0.01,999.9,0,651
4,2014,05,01,2014-05-01,50.3,48.3,1016.6,3.2,13.3,18.1,24.1,55.4,44.1,0.35,999.9,1,650
5,2014,05,02,2014-05-02,51.9,44.7,1006.4,6.4,10.2,15.0,,61.0,46.4,0.21,999.9,1,698
6,2014,05,03,2014-05-03,50.9,41.1,1010.3,9.1,6.4,13.0,,61.0,41.0,0.01,999.9,0,590
7,2014,05,04,2014-05-04,51.4,42.6,1005.1,9.8,12.8,22.0,28.0,57.0,46.9,0.02,999.9,0,451
1,2014,05,05,2014-05-05,53.7,40.0,1005.8,10.0,10.2,14.0,22.9,61.0,48.0,0.0,999.9,0,618
2,2014,05,06,2014-05-06,52.2,40.5,1011.1,9.6,5.7,11.1,,59.0,46.9,0.01,999.9,0,565
3,2014,05,07,2014-05-07,51.6,38.3,1019.8,10.0,6.8,11.1,,60.1,46.0,0.0,999.9,0,603
4,2014,05,08,2014-05-08,52.0,43.4,1022.3,9.6,7.5,12.0,,62.1,46.0,0.0,999.9,0,596
5,2014,05,09,2014-05-09,51.5,44.5,1022.6,8.7,6.7,14.0,,55.9,44.6,0.0,999.9,1,584
6,2014,05,10,2014-05-10,54.8,49.9,1015.2,7.1,11.1,14.0,20.0,57.9,51.8,0.0,999.9,1,549
7,2014,05,11,2014-05-11,58.3,49.5,1013.2,8.6,12.6,19.0,24.1,66.0,53.1,0.24,999.9,0,584
1,2014,05,12,2014-05-12,57.8,46.2,1018.5,9.8,9.1,13.0,17.1,70.0,48.9,0.23,999.9,0,581
2,2014,05,13,2014-05-13,51.8,43.8,1022.0,10.0,14.1,22.9,28.0,57.0,46.9,0.0,999.9,0,560
3,2014,05,14,2014-05-14,51.2,44.3,1026.5,10.0,9.8,15.0,,59.0,45.0,0.0,999.9,0,638
4,2014,05,15,2014-05-15,57.8,51.8,1026.0,10.0,9.6,15.0,20.0,64.9,53.6,0.0,999.9,0,659
5,2014,05,16,2014-05-16,58.3,52.8,1021.6,9.1,11.8,15.0,22.0,64.9,54.0,0.0,999.9,0,700
6,2014,05,17,2014-05-17,57.7,54.1,1016.0,5.8,12.5,19.0,25.1,62.6,51.1,0.26,999.9,1,619
7,2014,05,18,2014-05-18,56.5,46.1,1017.6,9.8,8.5,15.0,20.0,63.0,50.0,0.43,999.9,0,507
1,2014,05,19,2014-05-19,56.9,41.8,1016.9,10.0,9.0,15.9,22.0,63.0,48.9,0.0,999.9,0,572
2,2014,05,20,2014-05-20,56.4,45.7,1015.4,9.9,10.4,21.0,28.9,64.0,51.1,0.11,999.9,0,650
3,2014,05,21,2014-05-21,56.3,47.6,1014.9,10.0,6.0,9.9,,68.0,45.0,0.0,999.9,0,575
4,2014,05,22,2014-05-22,50.3,46.2,1013.1,8.6,6.0,13.0,,57.0,46.0,0.0,999.9,1,593
5,2014,05,23,2014-05-23,54.9,48.6,1012.4,10.0,7.3,12.0,15.9,62.1,50.0,0.02,999.9,0,660
6,2014,05,24,2014-05-24,54.6,46.9,1014.2,10.0,15.0,26.0,29.9,60.1,51.1,0.01,999.9,0,486
7,2014,05,25,2014-05-25,53.7,44.4,1018.2,10.0,5.4,8.9,,59.0,48.0,0.0,999.9,0,472
1,2014,05,26,2014-05-26,56.7,51.1,1015.3,9.6,10.3,15.0,19.0,63.0,51.1,0.0,999.9,0,433
2,2014,05,27,2014-05-27,61.1,52.9,1011.0,9.5,10.0,15.9,20.0,75.0,52.0,0.02,999.9,0,645
3,2014,05,28,2014-05-28,51.1,48.4,1012.8,2.6,15.2,22.9,32.1,53.1,48.2,0.0,999.9,1,538
4,2014,05,29,2014-05-29,52.0,42.7,1021.9,10.0,11.2,17.1,22.9,59.0,46.4,0.01,999.9,0,663
5,2014,05,30,2014-05-30,49.7,42.2,1019.4,10.0,5.7,9.9,,57.9,41.0,0.0,999.9,0,650
6,2014,05,31,2014-05-31,53.9,46.5,1019.1,10.0,12.4,25.1,33.0,60.8,48.0,0.0,999.9,0,587
7,2014,06,01,2014-06-01,58.4,43.5,1024.8,10.0,11.0,15.9,22.0,66.9,51.1,0.0,999.9,0,604
1,2014,06,02,2014-06-02,57.4,46.6,1022.9,10.0,6.8,14.0,,68.0,48.0,0.0,999.9,0,643
2,2014,06,03,2014-06-03,58.2,47.9,1016.6,10.0,8.8,15.0,,69.1,46.9,0.0,999.9,0,663
3,2014,06,04,2014-06-04,55.2,51.2,1011.4,7.6,8.3,12.0,,64.9,51.1,0.0,999.9,1,582
4,2014,06,05,2014-06-05,60.0,57.2,1006.3,5.8,7.1,19.0,35.0,64.0,55.4,0.01,999.9,1,569
5,2014,06,06,2014-06-06,61.3,54.4,1007.8,9.8,10.0,15.9,21.0,69.1,55.4,2.21,999.9,0,743
6,2014,06,07,2014-06-07,65.6,54.0,1012.5,9.9,8.6,12.0,,73.9,57.0,0.0,999.9,0,623
7,2014,06,08,2014-06-08,64.9,55.5,1013.2,9.8,4.8,8.0,,77.0,55.9,0.0,999.9,0,516
1,2014,06,09,2014-06-09,61.2,57.0,1015.2,7.1,5.6,9.9,,68.0,55.0,0.0,999.9,1,528
2,2014,06,10,2014-06-10,63.8,60.7,1015.8,8.7,5.6,8.9,,66.9,61.0,0.03,999.9,0,569
3,2014,06,11,2014-06-11,61.2,54.4,1019.6,9.3,11.3,15.0,21.0,66.2,57.0,0.16,999.9,0,576
4,2014,06,12,2014-06-12,61.0,53.0,1019.7,10.0,13.4,20.0,26.0,66.9,55.9,0.0,999.9,0,563
5,2014,06,13,2014-06-13,61.7,58.6,1013.7,4.0,14.4,18.1,24.1,66.0,59.0,0.02,999.9,1,708
6,2014,06,14,2014-06-14,66.5,63.8,1009.7,4.8,5.7,11.1,,75.9,62.1,0.26,999.9,1,613
7,2014,06,15,2014-06-15,66.1,54.5,1013.9,10.0,10.9,14.0,19.0,73.9,60.1,0.02,999.9,0,475
1,2014,06,16,2014-06-16,65.2,50.0,1018.6,10.0,7.5,15.0,20.0,73.9,57.9,0.0,999.9,0,622
2,2014,06,17,2014-06-17,62.5,55.2,1019.0,10.0,8.2,12.0,,73.0,57.9,0.0,999.9,0,666
3,2014,06,18,2014-06-18,71.6,62.9,1010.8,6.4,10.1,20.0,26.0,82.9,59.0,0.01,999.9,1,663
4,2014,06,19,2014-06-19,67.3,61.5,1013.6,9.7,6.5,9.9,,72.0,63.7,0.0,999.9,0,675
5,2014,06,20,2014-06-20,64.6,48.8,1013.2,9.8,6.0,11.1,,73.0,52.0,0.08,999.9,0,765
6,2014,06,21,2014-06-21,59.9,46.2,1013.9,10.0,5.1,12.0,,73.0,48.0,0.0,999.9,0,557
7,2014,06,22,2014-06-22,63.2,49.2,1014.6,9.9,6.0,11.1,,73.0,48.0,0.0,999.9,0,477
1,2014,06,23,2014-06-23,62.1,50.3,1019.7,10.0,4.1,9.9,,73.0,52.0,0.0,999.9,0,644
2,2014,06,24,2014-06-24,60.0,51.9,1022.0,10.0,5.3,12.0,,66.9,53.1,0.0,999.9,0,632
3,2014,06,25,2014-06-25,66.8,61.6,1017.0,9.9,8.3,13.0,,73.9,61.0,0.0,999.9,0,646
4,2014,06,26,2014-06-26,66.7,64.4,1011.7,3.5,10.2,21.0,25.1,75.2,62.1,0.01,999.9,1,670
5,2014,06,27,2014-06-27,63.9,53.8,1018.0,9.8,13.6,20.0,34.0,75.0,59.0,0.13,999.9,0,660
6,2014,06,28,2014-06-28,62.2,51.9,1024.1,9.5,4.8,8.0,,72.0,52.0,0.02,999.9,0,611
7,2014,06,29,2014-06-29,64.7,57.9,1024.0,9.5,5.0,8.9,,72.0,55.9,0.01,999.9,0,537
1,2014,06,30,2014-06-30,67.3,61.6,1019.0,10.0,8.0,12.0,,73.0,55.0,0.01,999.9,0,610
2,2014,07,01,2014-07-01,68.6,65.1,1014.4,9.8,9.1,13.0,18.1,73.9,54.0,0.01,999.9,0,616
3,2014,07,02,2014-07-02,69.0,66.0,1014.4,7.2,10.2,14.0,20.0,75.0,64.9,0.0,999.9,1,658
4,2014,07,03,2014-07-03,69.1,67.3,1015.3,1.8,8.5,12.0,,75.9,66.0,0.0,999.9,1,740
5,2014,07,04,2014-07-04,69.9,68.2,1012.5,3.9,9.8,27.0,36.9,75.9,64.4,0.0,999.9,1,360
6,2014,07,05,2014-07-05,67.0,55.8,1012.9,8.4,21.2,42.9,52.1,77.0,62.1,1.88,999.9,0,505
7,2014,07,06,2014-07-06,68.2,59.1,1016.4,10.0,14.1,18.1,26.0,77.0,62.1,0.11,999.9,0,451
1,2014,07,07,2014-07-07,68.6,62.8,1012.8,9.4,13.9,15.9,22.0,73.9,63.0,0.04,999.9,0,614
2,2014,07,08,2014-07-08,69.5,66.2,1010.5,6.2,11.8,15.0,20.0,73.9,64.9,0.01,999.9,1,594
3,2014,07,09,2014-07-09,69.4,66.7,1012.5,5.1,12.3,19.0,27.0,73.9,66.0,0.02,999.9,1,569
4,2014,07,10,2014-07-10,69.4,66.1,1017.9,5.4,6.1,18.1,25.1,78.1,64.4,0.01,999.9,1,584
5,2014,07,11,2014-07-11,69.1,62.4,1021.9,6.5,4.3,8.0,,78.1,64.0,0.03,999.9,1,642
6,2014,07,12,2014-07-12,65.7,58.8,1023.4,9.9,4.4,9.9,,75.9,57.9,0.01,999.9,0,550
7,2014,07,13,2014-07-13,68.7,63.6,1020.0,9.8,9.7,14.0,,73.0,57.9,0.01,999.9,0,439
1,2014,07,14,2014-07-14,69.7,67.0,1014.5,7.4,12.0,15.0,21.0,73.9,64.0,0.0,999.9,0,567
2,2014,07,15,2014-07-15,71.4,69.1,1011.6,5.8,13.1,15.9,22.0,75.2,68.0,0.0,999.9,1,587
3,2014,07,16,2014-07-16,70.4,68.5,1010.6,6.0,13.7,15.9,22.9,75.0,68.0,0.0,999.9,0,551
4,2014,07,17,2014-07-17,70.4,63.7,1013.3,7.7,4.5,8.0,,77.0,66.2,0.01,999.9,1,587
5,2014,07,18,2014-07-18,69.6,59.4,1020.7,9.6,5.0,7.0,,79.0,63.0,0.04,999.9,0,624
6,2014,07,19,2014-07-19,65.0,54.1,1024.2,10.0,5.0,9.9,,78.1,55.9,0.0,999.9,0,480
7,2014,07,20,2014-07-20,65.2,57.9,1021.3,9.1,10.0,13.0,18.1,73.9,55.9,0.0,999.9,0,451
1,2014,07,21,2014-07-21,65.9,63.3,1020.4,6.0,12.8,15.9,21.0,70.0,62.6,0.4,999.9,0,557
2,2014,07,22,2014-07-22,67.1,63.5,1020.4,5.9,5.4,11.1,,73.0,60.1,0.02,999.9,1,587
3,2014,07,23,2014-07-23,69.2,65.9,1015.0,9.9,9.9,14.0,20.0,73.9,60.1,0.01,999.9,0,591
4,2014,07,24,2014-07-24,69.6,66.7,1009.5,6.4,8.5,14.0,28.0,75.9,64.4,0.04,999.9,1,539
5,2014,07,25,2014-07-25,67.4,60.8,1013.4,10.0,5.9,8.9,,77.0,61.0,0.0,999.9,0,653
6,2014,07,26,2014-07-26,66.9,63.2,1015.8,9.8,6.9,9.9,,75.0,61.0,0.0,999.9,0,534
7,2014,07,27,2014-07-27,68.6,65.2,1011.4,9.9,7.6,14.0,,73.9,62.1,0.01,999.9,0,476
1,2014,07,28,2014-07-28,69.4,66.9,1003.0,4.8,10.0,17.1,26.0,73.9,64.9,0.01,999.9,1,595
2,2014,07,29,2014-07-29,68.9,62.8,1007.7,9.6,10.5,15.9,,73.9,64.9,0.12,999.9,0,526
3,2014,07,30,2014-07-30,67.3,60.6,1015.5,9.3,5.5,11.1,,75.0,59.0,0.0,999.9,0,605
4,2014,07,31,2014-07-31,67.7,62.9,1019.8,9.6,6.3,11.1,,75.0,59.0,0.01,999.9,0,626
5,2014,08,01,2014-08-01,67.5,62.9,1023.5,9.0,5.3,8.9,,73.9,59.0,0.01,999.9,0,667
6,2014,08,02,2014-08-02,64.3,60.0,1022.8,8.8,6.5,15.0,19.0,73.9,59.0,0.56,999.9,0,540
7,2014,08,03,2014-08-03,66.4,64.6,1019.1,6.0,5.1,9.9,,70.0,61.0,0.6,999.9,1,476
1,2014,08,04,2014-08-04,68.2,65.5,1017.7,6.0,5.2,12.0,,73.0,64.0,0.04,999.9,1,589
2,2014,08,05,2014-08-05,69.2,67.4,1016.2,3.7,6.6,11.1,,75.9,64.9,0.0,999.9,1,606
3,2014,08,06,2014-08-06,70.1,65.7,1010.1,4.4,4.3,8.9,,78.1,66.0,0.01,999.9,1,562
4,2014,08,07,2014-08-07,69.3,60.6,1011.1,9.2,6.3,15.0,21.0,77.0,60.1,0.0,999.9,0,585
5,2014,08,08,2014-08-08,66.3,57.6,1014.9,10.0,7.4,14.0,,77.0,59.0,0.19,999.9,0,601
6,2014,08,09,2014-08-09,70.4,61.3,1017.2,9.9,6.4,8.9,,78.1,60.1,0.0,999.9,0,538
7,2014,08,10,2014-08-10,69.1,61.4,1019.2,9.8,4.6,8.0,,81.0,57.9,0.01,999.9,0,512
1,2014,08,11,2014-08-11,66.3,59.2,1021.1,7.8,3.6,8.9,,81.0,57.0,0.01,999.9,1,604
2,2014,08,12,2014-08-12,67.2,62.2,1020.2,10.0,7.8,12.0,,75.0,57.0,0.01,999.9,0,491
3,2014,08,13,2014-08-13,66.6,63.5,1013.0,8.4,15.5,22.0,28.0,75.0,60.1,0.39,999.9,0,572
4,2014,08,14,2014-08-14,67.8,60.8,1008.1,9.1,9.7,15.0,15.9,72.0,63.0,0.02,999.9,0,625
5,2014,08,15,2014-08-15,66.8,59.2,1012.2,10.0,8.8,15.0,20.0,72.0,61.0,0.01,999.9,0,522
6,2014,08,16,2014-08-16,66.3,58.8,1015.3,9.7,8.2,12.0,,73.0,59.0,0.0,999.9,0,490
7,2014,08,17,2014-08-17,68.3,64.7,1011.1,8.3,6.8,12.0,17.1,73.9,59.0,0.06,999.9,1,476
1,2014,08,18,2014-08-18,67.9,57.7,1009.6,9.8,7.8,13.0,20.0,73.9,61.0,0.0,999.9,0,595
2,2014,08,19,2014-08-19,63.9,56.9,1012.6,8.8,4.1,8.0,,73.9,54.0,0.01,999.9,1,516
3,2014,08,20,2014-08-20,63.8,55.9,1015.5,9.9,6.0,12.0,,73.0,52.0,0.01,999.9,0,551
4,2014,08,21,2014-08-21,67.1,60.6,1017.5,10.0,7.7,12.0,,73.0,52.0,0.01,999.9,0,567
5,2014,08,22,2014-08-22,63.9,60.0,1017.7,7.9,7.9,13.0,19.0,73.0,57.9,0.01,999.9,1,568
6,2014,08,23,2014-08-23,65.6,60.1,1017.9,9.8,10.8,18.1,22.9,73.0,57.9,0.02,999.9,0,454
7,2014,08,24,2014-08-24,63.9,56.8,1019.4,10.0,9.0,15.9,22.0,73.0,55.0,0.01,999.9,0,437
1,2014,08,25,2014-08-25,63.3,56.5,1020.5,10.0,3.8,8.0,,72.0,54.0,0.0,999.9,0,549
2,2014,08,26,2014-08-26,63.0,56.0,1021.1,10.0,3.5,8.9,,72.0,53.1,0.0,999.9,0,608
3,2014,08,27,2014-08-27,67.5,64.7,1016.3,6.5,7.3,12.0,,75.0,53.1,0.02,999.9,1,538
4,2014,08,28,2014-08-28,71.0,62.4,1009.4,6.8,8.8,19.0,27.0,78.1,59.0,0.01,999.9,1,618
5,2014,08,29,2014-08-29,67.2,53.4,1018.9,10.0,10.8,18.1,22.0,78.1,59.0,0.03,999.9,0,631
6,2014,08,30,2014-08-30,60.1,51.2,1025.5,10.0,6.3,9.9,,71.1,46.0,0.0,999.9,0,510
7,2014,08,31,2014-08-31,69.1,65.6,1020.7,9.4,9.0,13.0,18.1,73.9,64.0,0.0,999.9,0,495
1,2014,09,01,2014-09-01,71.5,69.2,1015.6,6.8,9.3,19.0,25.1,77.0,66.0,0.14,999.9,0,392
2,2014,09,02,2014-09-02,71.1,69.4,1013.1,1.7,6.8,9.9,,77.0,68.0,0.01,999.9,1,700
3,2014,09,03,2014-09-03,74.0,65.1,1012.3,8.1,9.7,14.0,22.0,82.0,66.9,0.0,999.9,1,580
4,2014,09,04,2014-09-04,69.4,60.8,1020.5,9.9,5.2,12.0,,82.0,59.0,0.0,999.9,0,727
5,2014,09,05,2014-09-05,70.3,67.2,1021.3,8.7,7.5,13.0,,78.1,59.0,0.01,999.9,1,647
6,2014,09,06,2014-09-06,72.0,69.9,1014.3,6.9,10.7,15.0,18.1,77.0,64.9,0.01,999.9,1,553
7,2014,09,07,2014-09-07,70.1,62.9,1015.8,9.0,11.0,20.0,24.1,77.0,62.1,0.0,999.9,0,477
1,2014,09,08,2014-09-08,63.6,55.3,1025.3,10.0,7.8,15.9,21.0,75.0,55.9,0.01,999.9,0,598
2,2014,09,09,2014-09-09,64.6,56.5,1025.0,10.0,10.9,15.0,22.9,73.0,55.9,0.0,999.9,0,592
3,2014,09,10,2014-09-10,66.2,61.2,1019.1,10.0,11.3,17.1,22.0,73.0,60.1,0.0,999.9,0,618
4,2014,09,11,2014-09-11,64.4,60.3,1014.8,9.7,6.4,13.0,,73.0,54.0,0.0,999.9,0,619
5,2014,09,12,2014-09-12,67.1,58.8,1016.6,9.7,11.4,18.1,22.0,73.0,54.0,0.0,999.9,0,730
6,2014,09,13,2014-09-13,59.9,53.2,1022.2,9.6,7.6,15.0,21.0,70.0,52.0,0.0,999.9,0,558
7,2014,09,14,2014-09-14,62.2,54.3,1020.7,10.0,9.6,17.1,24.1,68.0,52.0,0.04,999.9,0,528
1,2014,09,15,2014-09-15,57.5,47.6,1022.0,10.0,3.6,8.0,,66.0,46.9,0.0,999.9,0,610
2,2014,09,16,2014-09-16,61.2,50.8,1017.0,10.0,6.5,9.9,,66.9,46.9,0.0,999.9,0,613
3,2014,09,17,2014-09-17,61.9,54.4,1015.5,9.8,4.6,13.0,,70.0,51.1,0.0,999.9,0,658
4,2014,09,18,2014-09-18,61.1,47.4,1014.7,10.0,5.0,11.1,15.0,72.0,48.0,0.0,999.9,0,650
5,2014,09,19,2014-09-19,57.2,42.7,1024.1,10.0,12.5,19.0,26.0,72.0,46.0,0.0,999.9,0,648
6,2014,09,20,2014-09-20,57.0,47.3,1027.2,10.0,7.7,12.0,,68.0,44.1,0.0,999.9,0,594
7,2014,09,21,2014-09-21,66.1,63.2,1015.7,8.1,8.1,13.0,17.1,71.6,62.1,0.0,999.9,0,515
1,2014,09,22,2014-09-22,67.9,61.5,1007.0,8.2,12.3,22.9,27.0,72.0,61.0,0.11,999.9,1,662
2,2014,09,23,2014-09-23,59.0,42.3,1022.8,10.0,9.3,15.9,22.9,72.0,53.1,0.01,999.9,0,592
3,2014,09,24,2014-09-24,58.9,51.3,1033.3,10.0,6.7,15.0,21.0,68.0,48.9,0.0,999.9,0,566
4,2014,09,25,2014-09-25,59.7,55.3,1031.0,8.6,8.9,15.0,21.0,68.0,48.9,0.0,999.9,0,491
5,2014,09,26,2014-09-26,63.1,59.1,1020.5,7.9,15.8,20.0,27.0,69.1,57.9,1.99,999.9,0,643
6,2014,09,27,2014-09-27,63.5,55.3,1020.7,9.9,6.2,9.9,,75.9,53.1,0.01,999.9,0,600
7,2014,09,28,2014-09-28,63.3,58.5,1020.5,9.9,4.4,9.9,,75.9,53.1,0.0,999.9,0,512
1,2014,09,29,2014-09-29,65.9,63.2,1015.5,9.2,6.7,11.1,,73.0,53.1,0.02,999.9,0,566
2,2014,09,30,2014-09-30,63.3,61.3,1014.7,6.7,7.0,18.1,,72.0,62.1,0.02,999.9,0,589
3,2014,10,01,2014-10-01,62.4,60.6,1014.5,7.1,13.2,15.9,20.0,63.0,60.8,0.24,999.9,0,559
4,2014,10,02,2014-10-02,59.9,56.3,1016.6,9.4,17.6,22.0,28.9,61.0,57.2,1.08,999.9,0,558
5,2014,10,03,2014-10-03,58.5,54.0,1016.5,9.2,13.1,18.1,24.1,61.0,57.0,0.01,999.9,0,719
6,2014,10,04,2014-10-04,59.4,57.3,1007.1,6.8,5.7,11.1,22.0,64.0,57.0,0.02,999.9,1,531
7,2014,10,05,2014-10-05,59.6,50.4,1006.5,9.6,11.0,17.1,25.1,64.9,51.1,0.08,999.9,0,505
1,2014,10,06,2014-10-06,55.7,42.6,1018.6,10.0,6.9,13.0,,64.0,45.0,0.0,999.9,0,639
2,2014,10,07,2014-10-07,63.0,57.0,1021.1,10.0,11.5,14.0,19.0,69.1,45.0,0.0,999.9,0,620
3,2014,10,08,2014-10-08,65.2,60.4,1012.5,9.4,12.3,31.1,44.1,70.0,60.1,0.07,999.9,1,639
4,2014,10,09,2014-10-09,60.8,45.9,1013.8,9.7,12.6,21.0,26.0,70.0,48.9,0.39,999.9,0,499
5,2014,10,10,2014-10-10,59.0,44.0,1017.8,10.0,8.9,15.9,17.1,66.0,48.9,0.0,999.9,0,541
6,2014,10,11,2014-10-11,52.9,48.1,1019.0,8.1,8.1,17.1,20.0,62.1,50.0,0.15,999.9,0,546
7,2014,10,12,2014-10-12,53.3,43.7,1022.4,10.0,9.2,14.0,21.0,59.0,44.1,0.78,999.9,0,473
1,2014,10,13,2014-10-13,50.9,43.2,1027.7,10.0,4.2,9.9,,62.1,39.0,0.0,999.9,0,451
2,2014,10,14,2014-10-14,63.2,58.4,1025.4,10.0,8.2,9.9,,66.9,59.0,0.0,999.9,0,697
3,2014,10,15,2014-10-15,64.9,62.1,1021.0,9.9,9.5,12.0,,70.0,61.0,0.01,999.9,0,575
4,2014,10,16,2014-10-16,65.0,63.4,1013.5,6.6,12.0,17.1,27.0,68.0,62.6,0.05,999.9,0,602
5,2014,10,17,2014-10-17,63.2,59.7,1006.5,7.9,9.7,17.1,19.0,70.0,60.1,1.04,999.9,0,648
6,2014,10,18,2014-10-18,62.7,58.8,1003.7,9.0,7.5,12.0,,68.0,59.0,0.02,999.9,0,494
7,2014,10,19,2014-10-19,56.0,45.2,1005.8,10.0,10.7,20.0,24.1,68.0,51.1,0.01,999.9,0,483
1,2014,10,20,2014-10-20,49.0,32.4,1016.2,10.0,11.8,18.1,27.0,59.0,41.0,0.0,999.9,0,591
2,2014,10,21,2014-10-21,57.7,52.3,1015.5,9.3,10.5,15.9,21.0,60.8,53.1,0.0,999.9,0,607
3,2014,10,22,2014-10-22,57.0,55.4,1010.3,6.1,12.8,21.0,28.9,60.8,51.8,0.23,999.9,0,708
4,2014,10,23,2014-10-23,59.5,57.0,1000.4,8.7,10.7,18.1,25.1,64.0,51.1,0.1,999.9,0,639
5,2014,10,24,2014-10-24,54.3,51.1,1003.1,7.6,15.7,21.0,29.9,64.0,51.1,0.16,999.9,0,669
6,2014,10,25,2014-10-25,54.7,45.9,1006.0,10.0,10.7,19.0,22.9,62.1,45.0,0.0,999.9,0,515
7,2014,10,26,2014-10-26,57.6,45.4,999.7,10.0,13.1,18.1,28.9,62.1,45.0,0.04,999.9,0,515
1,2014,10,27,2014-10-27,54.1,40.5,1010.0,10.0,12.0,17.1,24.1,61.0,48.9,0.0,999.9,0,642
2,2014,10,28,2014-10-28,54.3,48.0,1017.5,9.9,6.1,9.9,,64.9,39.9,0.0,999.9,0,571
3,2014,10,29,2014-10-29,61.9,59.0,1013.1,8.0,9.8,14.0,,66.0,57.9,0.0,999.9,0,556
4,2014,10,30,2014-10-30,56.1,45.0,1012.9,9.4,8.9,15.9,22.9,66.0,51.1,0.0,999.9,0,626
5,2014,10,31,2014-10-31,51.3,43.6,1014.8,10.0,7.9,15.0,21.0,61.0,42.1,0.0,999.9,0,668
6,2014,11,01,2014-11-01,53.0,46.9,1009.0,8.8,18.8,28.9,41.0,57.9,42.1,0.08,999.9,0,656
7,2014,11,02,2014-11-02,43.5,38.4,1001.3,6.3,32.8,39.0,55.0,55.0,37.0,1.15,999.9,0,532
1,2014,11,03,2014-11-03,44.6,20.6,1012.6,10.0,18.9,25.1,35.9,52.0,37.0,0.66,999.9,0,625
2,2014,11,04,2014-11-04,52.7,37.7,1019.4,10.0,6.9,15.0,22.0,61.0,37.9,0.0,999.9,0,538
3,2014,11,05,2014-11-05,57.7,52.4,1018.3,9.3,11.1,15.0,,62.1,54.0,0.0,999.9,0,554
4,2014,11,06,2014-11-06,53.6,48.7,1015.8,9.4,5.6,15.0,21.0,63.0,50.0,0.02,999.9,0,652
5,2014,11,07,2014-11-07,52.5,46.7,999.0,7.9,11.7,21.0,29.9,59.0,46.0,0.85,999.9,0,641
6,2014,11,08,2014-11-08,43.9,29.7,1012.0,10.0,13.9,20.0,32.1,55.0,37.0,0.03,999.9,0,543
7,2014,11,09,2014-11-09,53.2,42.7,1014.0,10.0,9.1,17.1,24.1,59.0,37.0,0.0,999.9,0,419
1,2014,11,10,2014-11-10,48.2,42.2,1019.2,9.6,4.0,7.0,,59.0,39.0,0.0,999.9,0,560
2,2014,11,11,2014-11-11,51.0,47.2,1020.7,9.5,8.2,12.0,,59.0,39.0,0.0,999.9,1,493
3,2014,11,12,2014-11-12,56.5,53.5,1012.9,6.0,5.2,11.1,,68.0,45.0,0.0,999.9,1,546
4,2014,11,13,2014-11-13,49.8,41.1,1015.5,8.6,8.4,,,68.0,45.0,0.0,999.9,1,696
5,2014,11,14,2014-11-14,43.7,34.9,1012.3,9.7,11.1,18.1,25.1,53.1,39.9,0.22,999.9,0,654
6,2014,11,15,2014-11-15,37.0,20.6,1021.7,10.0,10.7,15.9,21.0,48.0,32.0,0.05,999.9,0,529
7,2014,11,16,2014-11-16,38.1,26.0,1027.1,10.0,5.6,15.9,22.0,50.0,23.0,0.0,999.9,0,429
1,2014,11,17,2014-11-17,52.1,48.9,1014.6,6.5,9.5,24.1,35.0,61.0,45.0,0.09,999.9,0,666
2,2014,11,18,2014-11-18,48.9,39.6,1004.5,7.8,17.1,26.0,38.1,63.0,34.0,2.91,999.9,0,712
3,2014,11,19,2014-11-19,33.6,14.6,1018.3,10.0,14.4,19.0,25.1,39.0,30.0,0.02,999.9,0,633
4,2014,11,20,2014-11-20,45.7,32.6,1014.0,9.8,16.1,22.9,31.1,53.1,28.9,0.03,999.9,0,635
5,2014,11,21,2014-11-21,36.8,15.4,1017.4,10.0,15.8,22.0,35.9,53.1,32.0,0.0,999.9,0,677
6,2014,11,22,2014-11-22,37.1,19.7,1028.3,10.0,15.9,28.0,34.0,48.0,28.0,0.0,999.9,0,512
7,2014,11,23,2014-11-23,52.6,41.5,1021.4,8.9,18.3,26.0,35.0,57.9,48.0,0.0,999.9,0,425
1,2014,11,24,2014-11-24,54.8,52.5,1014.5,4.5,15.5,27.0,34.0,61.0,46.9,0.0,999.9,0,722
2,2014,11,25,2014-11-25,56.7,53.5,1014.0,3.6,11.2,19.0,26.0,61.0,50.0,0.26,999.9,1,599
3,2014,11,26,2014-11-26,48.0,41.1,1018.0,6.7,11.9,32.1,46.0,59.0,44.1,0.01,999.9,0,742
4,2014,11,27,2014-11-27,41.8,36.7,1008.0,8.6,13.8,27.0,39.0,48.2,37.4,1.86,999.9,0,378
5,2014,11,28,2014-11-28,37.0,30.9,1015.6,9.3,12.6,22.0,29.9,46.0,34.0,0.05,999.9,0,444
6,2014,11,29,2014-11-29,30.9,16.8,1025.3,10.0,6.6,14.0,,39.0,25.0,0.0,999.9,0,394
7,2014,11,30,2014-11-30,46.1,38.6,1024.0,9.9,9.8,15.0,,55.9,24.1,0.0,999.9,0,377
1,2014,12,01,2014-12-01,53.2,49.0,1019.8,7.4,9.8,14.0,,57.0,39.9,0.0,999.9,0,644
2,2014,12,02,2014-12-02,42.5,32.4,1033.2,9.9,14.9,19.0,27.0,57.0,39.0,0.09,999.9,0,611
3,2014,12,03,2014-12-03,51.2,48.4,1022.8,6.1,14.5,20.0,26.0,55.0,39.0,0.22,999.9,0,569
4,2014,12,04,2014-12-04,43.1,28.0,1025.4,9.9,11.5,22.0,31.1,55.0,37.0,0.01,999.9,0,606
5,2014,12,05,2014-12-05,39.3,27.7,1034.8,9.8,9.3,14.0,22.9,46.0,32.0,0.0,999.9,0,673
6,2014,12,06,2014-12-06,48.9,45.2,1026.7,6.8,9.8,18.1,25.1,54.0,32.0,0.13,999.9,0,628
7,2014,12,07,2014-12-07,41.9,34.0,1027.0,8.0,25.0,35.0,46.0,54.0,35.1,1.96,999.9,0,493
1,2014,12,08,2014-12-08,35.4,24.7,1035.8,10.0,19.6,29.9,39.0,45.0,32.0,0.67,999.9,0,579
2,2014,12,09,2014-12-09,48.7,45.1,1019.3,5.8,19.6,28.0,41.0,57.0,32.0,0.03,999.9,0,645
3,2014,12,10,2014-12-10,47.9,44.8,999.6,8.4,8.6,15.9,,57.0,44.1,2.11,999.9,0,649
4,2014,12,11,2014-12-11,40.8,33.7,1003.0,9.5,19.3,26.0,33.0,48.9,37.9,0.05,999.9,0,669
5,2014,12,12,2014-12-12,37.0,27.8,1010.7,10.0,8.2,14.0,19.0,42.1,33.1,0.04,999.9,0,687
6,2014,12,13,2014-12-13,36.9,27.7,1009.8,9.9,9.8,14.0,20.0,39.9,33.1,0.0,999.9,0,594
7,2014,12,14,2014-12-14,39.0,30.1,1008.6,10.0,10.9,15.9,,42.8,36.0,0.0,999.9,0,439
1,2014,12,15,2014-12-15,37.8,31.6,1014.5,9.9,5.8,11.1,,44.6,32.0,0.0,999.9,0,720
2,2014,12,16,2014-12-16,44.0,37.0,1019.7,9.6,4.2,8.0,,48.0,33.1,0.0,999.9,0,645
3,2014,12,17,2014-12-17,48.6,45.7,1009.7,8.0,8.8,15.0,22.9,52.0,41.0,0.1,999.9,1,555
4,2014,12,18,2014-12-18,42.4,32.2,1008.0,10.0,14.1,19.0,28.9,52.0,39.0,0.0,999.9,0,621
5,2014,12,19,2014-12-19,37.3,26.2,1012.9,10.0,9.6,15.9,,46.0,34.0,0.0,999.9,0,652
6,2014,12,20,2014-12-20,38.2,30.8,1020.7,10.0,8.3,12.0,15.9,43.0,34.0,0.0,999.9,0,505
7,2014,12,21,2014-12-21,41.4,34.0,1024.2,9.8,7.1,9.9,,46.0,36.0,0.06,999.9,0,409
1,2014,12,22,2014-12-22,42.9,37.4,1026.3,9.7,7.5,15.0,20.0,48.9,37.0,0.0,999.9,0,566
2,2014,12,23,2014-12-23,47.4,44.2,1022.0,6.6,11.1,15.0,22.0,51.1,37.0,0.03,999.9,0,732
3,2014,12,24,2014-12-24,50.7,49.2,1015.7,2.1,10.2,18.1,24.1,55.9,45.0,0.55,999.9,1,519
4,2014,12,25,2014-12-25,53.1,49.3,1005.9,4.1,15.1,21.0,27.0,57.9,46.9,0.88,999.9,1,303
5,2014,12,26,2014-12-26,44.8,33.5,1018.9,10.0,10.4,15.9,21.0,57.9,39.0,0.2,999.9,0,446
6,2014,12,27,2014-12-27,43.7,36.4,1021.8,10.0,7.4,11.1,,51.1,37.9,0.0,999.9,0,406
7,2014,12,28,2014-12-28,47.0,43.2,1014.0,9.5,10.7,15.9,22.0,51.1,37.9,0.01,999.9,0,349
1,2014,12,29,2014-12-29,41.2,27.8,1017.9,9.9,8.4,12.0,18.1,51.1,36.0,0.01,999.9,0,411
2,2014,12,30,2014-12-30,32.1,15.4,1024.3,10.0,11.9,15.9,25.1,44.1,27.0,0.0,999.9,0,469
3,2014,12,31,2014-12-31,26.9,8.3,1025.3,9.9,7.5,12.0,,37.0,21.9,0.0,999.9,0,461
4,2015,01,01,2015-01-01,31.8,15.1,1018.6,9.9,13.6,24.1,33.0,39.9,21.9,0.0,999.9,0,395
5,2015,01,02,2015-01-02,40.4,21.5,1018.3,10.0,13.1,19.0,31.1,45.0,28.0,0.0,999.9,0,442
6,2015,01,03,2015-01-03,34.5,19.8,1033.9,9.5,11.1,17.1,26.0,45.0,30.0,0.0,999.9,0,456
7,2015,01,04,2015-01-04,48.6,46.9,1015.4,1.9,15.5,22.9,28.9,54.0,30.0,0.21,999.9,1,381
1,2015,01,05,2015-01-05,44.0,32.1,1012.9,7.6,16.3,28.9,39.0,55.0,28.9,0.27,999.9,0,498
2,2015,01,06,2015-01-06,20.8,5.2,1025.2,8.8,10.3,21.0,31.1,28.0,19.0,0.0,999.9,0,777
3,2015,01,07,2015-01-07,22.6,10.2,1011.8,9.4,12.1,26.0,35.9,27.0,17.1,0.0,999.9,0,538
4,2015,01,08,2015-01-08,13.1,-2.4,1022.7,9.9,14.8,21.0,29.9,27.0,6.1,0.0,999.9,0,573
5,2015,01,09,2015-01-09,35.2,22.5,1018.1,9.5,21.0,38.1,49.0,46.0,26.1,0.0,999.9,0,751
6,2015,01,10,2015-01-10,26.9,10.0,1025.0,10.0,10.2,17.1,22.0,30.0,21.9,0.0,999.9,0,481
7,2015,01,11,2015-01-11,27.1,12.1,1035.5,10.0,8.8,13.0,17.1,37.0,19.9,0.0,999.9,0,341
1,2015,01,12,2015-01-12,40.9,35.6,1028.3,7.7,6.3,14.0,29.9,52.0,21.0,0.0,999.9,1,580
2,2015,01,13,2015-01-13,32.6,25.6,1028.5,8.4,16.3,22.9,28.9,52.0,26.1,0.82,999.9,0,613
3,2015,01,14,2015-01-14,32.1,24.0,1031.2,8.0,9.6,13.0,22.9,37.0,26.1,0.15,999.9,0,506
4,2015,01,15,2015-01-15,35.8,33.6,1015.5,2.8,14.1,17.1,24.1,37.9,28.0,0.03,999.9,0,548
5,2015,01,16,2015-01-16,34.5,23.4,1008.6,10.0,14.9,25.1,34.0,39.9,28.9,0.02,999.9,0,563
6,2015,01,17,2015-01-17,20.2,1.9,1023.6,10.0,13.3,21.0,31.1,39.9,15.1,0.0,999.9,0,495
7,2015,01,18,2015-01-18,40.0,32.8,1021.4,9.2,13.4,25.1,31.1,50.0,14.0,0.0,999.9,0,961
1,2015,01,19,2015-01-19,41.7,36.0,1005.0,8.2,13.5,25.1,46.0,50.0,30.9,0.26,999.9,0,496
2,2015,01,20,2015-01-20,35.7,23.4,1009.5,10.0,13.1,20.0,26.0,44.1,33.1,0.03,999.9,0,500
3,2015,01,21,2015-01-21,32.3,17.7,1018.1,10.0,7.9,13.0,,39.0,25.0,0.0,999.9,0,495
4,2015,01,22,2015-01-22,35.5,30.5,1021.0,8.4,8.4,12.0,,39.0,25.0,0.13,999.9,0,508
5,2015,01,23,2015-01-23,31.6,20.4,1022.8,10.0,10.4,15.9,,39.0,27.0,0.09,999.9,0,598
6,2015,01,24,2015-01-24,38.5,34.8,1003.3,6.7,12.4,25.1,33.0,45.0,27.0,0.23,999.9,0,428
7,2015,01,25,2015-01-25,36.5,26.7,1000.4,9.4,16.0,22.0,32.1,45.0,33.1,0.9,999.9,0,406
1,2015,01,26,2015-01-26,31.2,20.9,1015.7,6.7,12.7,24.1,31.1,43.0,26.1,0.0,999.9,0,484
2,2015,01,27,2015-01-27,30.2,27.9,993.7,0.6,39.3,48.0,62.9,33.8,21.0,0.4,999.9,1,188
3,2015,01,28,2015-01-28,21.6,14.7,1009.6,6.6,16.6,29.9,44.1,26.1,19.0,0.23,999.9,0,458
4,2015,01,29,2015-01-29,29.2,20.9,1022.9,10.0,8.5,13.0,20.0,36.0,19.0,0.0,999.9,0,519
5,2015,01,30,2015-01-30,35.1,31.1,1012.2,8.4,8.1,15.0,,41.0,23.0,0.0,999.9,0,622
6,2015,01,31,2015-01-31,24.5,12.9,1006.9,7.8,20.3,27.0,36.9,34.0,17.1,0.06,999.9,0,526
7,2015,02,01,2015-02-01,24.8,10.2,1018.4,10.0,16.8,25.1,32.1,32.0,17.1,0.0,999.9,0,361
1,2015,02,02,2015-02-02,33.1,27.4,1014.4,5.7,12.8,27.0,36.9,46.0,19.9,0.0,999.9,1,680
2,2015,02,03,2015-02-03,21.0,11.7,1016.9,9.3,17.6,33.0,42.9,46.0,14.0,0.86,999.9,0,740
3,2015,02,04,2015-02-04,28.1,18.4,1024.9,10.0,7.6,12.0,,39.9,14.0,0.0,999.9,0,585
4,2015,02,05,2015-02-05,34.1,28.9,1012.6,7.2,12.9,28.9,40.0,39.9,15.1,0.0,999.9,1,569
5,2015,02,06,2015-02-06,16.8,5.0,1018.5,9.8,15.8,26.0,38.1,39.9,10.9,0.01,999.9,0,652
6,2015,02,07,2015-02-07,27.4,16.0,1019.2,9.5,10.3,15.9,,33.1,10.9,0.0,999.9,0,449
7,2015,02,08,2015-02-08,34.5,29.9,1015.9,7.6,6.0,9.9,,37.9,21.9,0.0,999.9,0,394
1,2015,02,09,2015-02-09,37.1,34.3,1014.1,6.3,14.9,20.0,28.0,37.9,30.9,0.04,999.9,0,547
2,2015,02,10,2015-02-10,36.4,32.9,1013.9,7.4,21.1,27.0,34.0,37.9,35.1,0.07,999.9,0,571
3,2015,02,11,2015-02-11,32.6,23.3,1014.0,9.9,23.9,29.9,40.0,37.0,30.9,0.01,999.9,0,610
4,2015,02,12,2015-02-12,31.0,23.6,1009.5,8.9,9.5,14.0,,35.1,27.0,0.0,999.9,0,526
5,2015,02,13,2015-02-13,21.8,11.0,1010.9,8.1,16.2,24.1,33.0,35.1,14.0,0.04,999.9,0,757
6,2015,02,14,2015-02-14,20.6,8.9,1016.8,8.6,8.4,21.0,,33.1,8.1,0.0,999.9,1,436
7,2015,02,15,2015-02-15,25.7,21.0,996.7,4.6,19.6,41.0,55.9,34.0,8.1,0.04,999.9,1,454
1,2015,02,16,2015-02-16,10.7,-4.6,1010.9,8.6,22.7,29.9,42.9,32.0,1.9,0.0,999.9,0,402
2,2015,02,17,2015-02-17,21.7,11.8,1014.9,6.5,7.7,15.9,22.0,28.9,17.1,0.0,999.9,0,620
3,2015,02,18,2015-02-18,30.6,24.5,1010.4,10.0,8.8,13.0,,36.0,16.0,0.0,999.9,0,626
4,2015,02,19,2015-02-19,27.0,19.7,1003.6,6.9,11.0,25.1,32.1,36.0,19.9,0.0,999.9,0,515
5,2015,02,20,2015-02-20,14.1,-0.8,1013.5,9.5,18.8,24.1,32.1,19.0,8.6,0.01,999.9,0,621
6,2015,02,21,2015-02-21,21.9,10.6,1031.6,10.0,8.5,15.9,,37.0,3.9,0.0,999.9,0,517
7,2015,02,22,2015-02-22,36.0,34.0,1021.6,2.6,7.7,22.0,28.0,41.0,33.1,0.82,999.9,1,519
1,2015,02,23,2015-02-23,29.4,19.6,1020.2,6.0,8.9,18.1,25.1,41.0,21.0,0.25,999.9,1,574
2,2015,02,24,2015-02-24,14.3,0.2,1024.1,10.0,11.9,20.0,26.0,33.1,8.1,0.0,999.9,0,580
3,2015,02,25,2015-02-25,29.9,21.8,1009.4,7.9,12.4,20.0,27.0,33.8,23.0,0.02,999.9,0,628
4,2015,02,26,2015-02-26,28.0,19.6,1014.9,7.5,12.0,25.1,31.1,33.1,25.0,0.0,999.9,1,539
5,2015,02,27,2015-02-27,24.2,12.2,1023.7,10.0,9.3,15.9,,30.9,19.9,0.0,999.9,0,703
6,2015,02,28,2015-02-28,22.2,9.9,1037.3,10.0,7.2,11.1,15.0,28.0,16.0,0.0,999.9,0,538
7,2015,03,01,2015-03-01,23.1,14.2,1037.5,9.1,5.1,8.9,,30.9,10.0,0.0,999.9,0,693
1,2015,03,02,2015-03-02,33.4,27.2,1016.1,6.8,10.9,20.0,28.0,36.0,30.2,0.36,999.9,0,650
2,2015,03,03,2015-03-03,27.0,10.3,1026.1,10.0,10.8,15.9,21.0,36.0,23.0,0.12,999.9,0,631
3,2015,03,04,2015-03-04,36.1,33.8,1009.2,3.1,14.8,20.0,28.0,41.0,23.0,0.31,999.9,1,574
4,2015,03,05,2015-03-05,32.7,30.2,1014.8,1.6,10.0,15.9,25.1,41.0,24.1,0.31,999.9,1,830
5,2015,03,06,2015-03-06,22.7,12.6,1028.3,8.3,11.7,19.0,26.0,37.0,16.0,0.01,999.9,0,939
6,2015,03,07,2015-03-07,25.0,15.9,1023.3,9.9,10.9,21.0,28.9,33.1,12.0,0.0,999.9,0,578
7,2015,03,08,2015-03-08,33.8,28.0,1016.9,9.2,8.0,17.1,27.0,39.0,14.0,0.0,999.9,0,464
1,2015,03,09,2015-03-09,35.6,26.1,1020.1,9.6,9.5,20.0,25.1,44.1,24.1,0.0,999.9,0,661
2,2015,03,10,2015-03-10,36.5,30.3,1025.5,9.9,6.0,13.0,,44.1,24.1,0.0,999.9,0,584
3,2015,03,11,2015-03-11,42.1,38.5,1012.8,5.0,12.3,19.0,25.1,48.0,28.0,0.55,999.9,1,565
4,2015,03,12,2015-03-12,38.1,21.9,1020.9,10.0,14.1,22.9,31.1,48.0,33.1,0.25,999.9,0,586
5,2015,03,13,2015-03-13,31.1,11.6,1034.5,10.0,12.3,20.0,26.0,41.0,26.1,0.0,999.9,0,609
6,2015,03,14,2015-03-14,38.7,33.3,1025.1,5.8,10.8,21.0,28.0,46.0,26.1,0.0,999.9,1,507
7,2015,03,15,2015-03-15,38.5,33.8,1002.5,7.0,12.3,21.0,28.9,46.0,30.9,1.16,999.9,0,459
1,2015,03,16,2015-03-16,32.9,18.5,1011.1,9.0,17.1,27.0,39.0,43.0,28.0,0.01,999.9,0,529
2,2015,03,17,2015-03-17,38.6,34.1,1003.7,7.9,10.1,27.0,39.0,46.9,28.0,0.01,999.9,0,528
3,2015,03,18,2015-03-18,31.0,3.9,1009.0,10.0,21.1,29.9,44.1,46.9,28.0,0.19,999.9,0,547
4,2015,03,19,2015-03-19,27.6,-1.5,1020.8,10.0,18.3,26.0,35.0,35.1,21.9,0.0,999.9,0,582
5,2015,03,20,2015-03-20,30.3,13.2,1027.2,9.0,6.3,13.0,15.9,35.1,21.9,0.0,999.9,0,570
6,2015,03,21,2015-03-21,34.2,31.0,1016.6,7.0,8.5,13.0,,41.0,21.9,0.02,999.9,0,507
7,2015,03,22,2015-03-22,35.1,18.8,1011.9,9.4,15.7,25.1,33.0,41.0,21.0,0.13,999.9,0,432
1,2015,03,23,2015-03-23,27.2,1.4,1019.5,10.0,14.9,22.0,32.1,37.9,21.0,0.0,999.9,0,586
2,2015,03,24,2015-03-24,31.4,16.3,1024.7,10.0,6.7,11.1,,37.9,21.0,0.0,999.9,0,601
3,2015,03,25,2015-03-25,33.6,24.1,1028.8,9.9,6.7,11.1,,44.1,24.1,0.0,999.9,0,538
4,2015,03,26,2015-03-26,42.6,39.7,1016.9,4.2,12.8,18.1,27.0,46.9,27.0,0.02,999.9,1,525
5,2015,03,27,2015-03-27,42.4,40.0,1004.3,5.1,13.1,20.0,31.1,48.9,37.9,0.44,999.9,1,532